target,window,seed,best_epoch,val_loss,test_loss,top1,top5
RN50__attnpool,baseline,0,1,7.4264,5.3071,0.005,0.02
RN50__attnpool,baseline,1,1,7.4275,5.3096,0.005,0.025
RN50__attnpool,baseline,2,1,7.4275,5.3095,0.0,0.025
RN50__attnpool,baseline,3,1,7.4238,5.3099,0.005,0.025
RN50__attnpool,baseline,4,1,7.4214,5.3064,0.005,0.03
RN50__attnpool,0_100,0,3,7.2226,4.752,0.035,0.155
RN50__attnpool,0_100,1,4,7.2048,4.7524,0.025,0.155
RN50__attnpool,0_100,2,4,7.1799,4.7561,0.035,0.12
RN50__attnpool,0_100,3,3,7.1736,4.7626,0.025,0.14
RN50__attnpool,0_100,4,4,7.188,4.7672,0.04,0.105
RN50__attnpool,100_200,0,4,6.6493,3.9538,0.15,0.37
RN50__attnpool,100_200,1,4,6.6479,3.98,0.095,0.36
RN50__attnpool,100_200,2,5,6.6326,3.9148,0.15,0.35
RN50__attnpool,100_200,3,4,6.6124,3.9641,0.135,0.365
RN50__attnpool,100_200,4,4,6.6224,3.9452,0.12,0.38
RN50__attnpool,200_300,0,4,6.6759,3.8726,0.155,0.395
RN50__attnpool,200_300,1,4,6.6838,3.9009,0.105,0.38
RN50__attnpool,200_300,2,5,6.681,3.8424,0.125,0.4
RN50__attnpool,200_300,3,4,6.6229,3.898,0.11,0.375
RN50__attnpool,200_300,4,4,6.6891,3.8501,0.125,0.39
RN50__attnpool,300_400,0,3,7.022,4.1946,0.08,0.285
RN50__attnpool,300_400,1,4,7.021,4.1769,0.1,0.305
RN50__attnpool,300_400,2,3,7.0514,4.1842,0.075,0.295
RN50__attnpool,300_400,3,3,7.0215,4.1955,0.095,0.27
RN50__attnpool,300_400,4,4,7.0239,4.1956,0.075,0.255
RN50__attnpool,400_500,0,1,7.3555,5.2007,0.015,0.075
RN50__attnpool,400_500,1,1,7.3482,5.2099,0.005,0.025
RN50__attnpool,400_500,2,1,7.349,5.1992,0.005,0.065
RN50__attnpool,400_500,3,1,7.3572,5.2122,0.005,0.03
RN50__attnpool,400_500,4,1,7.3581,5.2055,0.015,0.065
RN50__attnpool,500_600,0,1,7.4211,5.2789,0.02,0.04
RN50__attnpool,500_600,1,1,7.4129,5.2861,0.005,0.02
RN50__attnpool,500_600,2,1,7.4114,5.2797,0.015,0.035
RN50__attnpool,500_600,3,1,7.414,5.285,0.005,0.03
RN50__attnpool,500_600,4,1,7.4212,5.2798,0.01,0.045
RN50__attnpool,600_700,0,1,7.4275,5.2914,0.005,0.02
RN50__attnpool,600_700,1,1,7.4198,5.2965,0.005,0.02
RN50__attnpool,600_700,2,1,7.41,5.2905,0.005,0.03
RN50__attnpool,600_700,3,1,7.4183,5.2948,0.0,0.03
RN50__attnpool,600_700,4,1,7.4308,5.2942,0.01,0.03
RN50__attnpool,700_800,0,1,7.4414,5.2996,0.005,0.04
RN50__attnpool,700_800,1,1,7.431,5.3067,0.005,0.03
RN50__attnpool,700_800,2,1,7.431,5.3019,0.01,0.025
RN50__attnpool,700_800,3,1,7.4368,5.3035,0.005,0.03
RN50__attnpool,700_800,4,1,7.4346,5.3021,0.01,0.035
RN50__attnpool__fov,baseline,0,1,7.426,5.3085,0.005,0.025
RN50__attnpool__fov,baseline,1,1,7.4246,5.3065,0.005,0.015
RN50__attnpool__fov,baseline,2,1,7.427,5.3074,0.005,0.02
RN50__attnpool__fov,baseline,3,1,7.4241,5.308,0.0,0.025
RN50__attnpool__fov,baseline,4,1,7.4196,5.3073,0.005,0.025
RN50__attnpool__fov,0_100,0,3,7.2134,4.7577,0.04,0.12
RN50__attnpool__fov,0_100,1,4,7.1993,4.7586,0.03,0.12
RN50__attnpool__fov,0_100,2,4,7.1758,4.7492,0.05,0.145
RN50__attnpool__fov,0_100,3,3,7.1763,4.7734,0.035,0.145
RN50__attnpool__fov,0_100,4,4,7.1805,4.7733,0.035,0.125
RN50__attnpool__fov,100_200,0,4,6.642,3.9304,0.16,0.38
RN50__attnpool__fov,100_200,1,4,6.6418,3.9505,0.125,0.365
RN50__attnpool__fov,100_200,2,5,6.6295,3.8876,0.175,0.335
RN50__attnpool__fov,100_200,3,4,6.6033,3.9332,0.145,0.365
RN50__attnpool__fov,100_200,4,4,6.6233,3.93,0.155,0.37
RN50__attnpool__fov,200_300,0,4,6.6709,3.8447,0.155,0.41
RN50__attnpool__fov,200_300,1,4,6.6652,3.8782,0.14,0.41
RN50__attnpool__fov,200_300,2,5,6.6711,3.8072,0.15,0.365
RN50__attnpool__fov,200_300,3,4,6.6148,3.8833,0.125,0.41
RN50__attnpool__fov,200_300,4,4,6.6729,3.8229,0.125,0.39
RN50__attnpool__fov,300_400,0,3,7.0218,4.1669,0.095,0.285
RN50__attnpool__fov,300_400,1,4,6.9975,4.1653,0.075,0.3
RN50__attnpool__fov,300_400,2,3,7.0477,4.1619,0.07,0.315
RN50__attnpool__fov,300_400,3,4,7.0058,4.1741,0.09,0.255
RN50__attnpool__fov,300_400,4,4,7.0152,4.1729,0.085,0.28
RN50__attnpool__fov,400_500,0,1,7.3546,5.2028,0.015,0.065
RN50__attnpool__fov,400_500,1,1,7.3518,5.2111,0.015,0.035
RN50__attnpool__fov,400_500,2,2,7.3468,4.9284,0.015,0.1
RN50__attnpool__fov,400_500,3,3,7.3467,4.8452,0.03,0.115
RN50__attnpool__fov,400_500,4,1,7.352,5.2131,0.005,0.035
RN50__attnpool__fov,500_600,0,1,7.4123,5.28,0.005,0.025
RN50__attnpool__fov,500_600,1,1,7.4218,5.2879,0.005,0.04
RN50__attnpool__fov,500_600,2,1,7.4115,5.279,0.005,0.035
RN50__attnpool__fov,500_600,3,1,7.4106,5.2829,0.005,0.035
RN50__attnpool__fov,500_600,4,1,7.4169,5.2808,0.0,0.04
RN50__attnpool__fov,600_700,0,1,7.419,5.2951,0.005,0.01
RN50__attnpool__fov,600_700,1,1,7.4215,5.2948,0.005,0.02
RN50__attnpool__fov,600_700,2,1,7.4093,5.2916,0.005,0.025
RN50__attnpool__fov,600_700,3,1,7.4182,5.2939,0.005,0.025
RN50__attnpool__fov,600_700,4,1,7.4221,5.2998,0.005,0.03
RN50__attnpool__fov,700_800,0,1,7.437,5.3017,0.005,0.015
RN50__attnpool__fov,700_800,1,1,7.4358,5.304,0.005,0.025
RN50__attnpool__fov,700_800,2,1,7.4333,5.3019,0.005,0.025
RN50__attnpool__fov,700_800,3,1,7.4296,5.3013,0.005,0.03
RN50__attnpool__fov,700_800,4,1,7.4273,5.3017,0.005,0.03
RN50__layer1,baseline,0,1,7.4183,5.3023,0.005,0.025
RN50__layer1,baseline,1,1,7.4275,5.3027,0.0,0.025
RN50__layer1,baseline,2,1,7.4196,5.3011,0.005,0.025
RN50__layer1,baseline,3,1,7.4193,5.3026,0.005,0.01
RN50__layer1,baseline,4,1,7.4165,5.3004,0.005,0.025
RN50__layer1,0_100,0,3,6.9374,4.2588,0.04,0.215
RN50__layer1,0_100,1,4,6.9285,4.1737,0.06,0.24
RN50__layer1,0_100,2,4,6.9199,4.2019,0.04,0.235
RN50__layer1,0_100,3,3,6.9395,4.2086,0.06,0.21
RN50__layer1,0_100,4,4,6.9535,4.1859,0.05,0.22
RN50__layer1,100_200,0,5,6.3608,3.461,0.175,0.465
RN50__layer1,100_200,1,4,6.4394,3.5707,0.13,0.425
RN50__layer1,100_200,2,4,6.4017,3.5819,0.12,0.445
RN50__layer1,100_200,3,3,6.4484,3.6477,0.095,0.385
RN50__layer1,100_200,4,4,6.4014,3.5536,0.1,0.43
RN50__layer1,200_300,0,5,6.6293,3.6457,0.175,0.425
RN50__layer1,200_300,1,4,6.6517,3.7071,0.16,0.445
RN50__layer1,200_300,2,4,6.6705,3.6727,0.14,0.43
RN50__layer1,200_300,3,5,6.6073,3.659,0.155,0.41
RN50__layer1,200_300,4,4,6.6257,3.6824,0.17,0.44
RN50__layer1,300_400,0,3,7.1598,4.4028,0.04,0.225
RN50__layer1,300_400,1,3,7.1875,4.4178,0.085,0.235
RN50__layer1,300_400,2,3,7.1376,4.4332,0.065,0.24
RN50__layer1,300_400,3,3,7.1615,4.4167,0.075,0.245
RN50__layer1,300_400,4,2,7.1779,4.5135,0.07,0.21
RN50__layer1,400_500,0,1,7.3513,5.2253,0.01,0.05
RN50__layer1,400_500,1,1,7.3601,5.2146,0.01,0.055
RN50__layer1,400_500,2,2,7.3507,5.0941,0.015,0.06
RN50__layer1,400_500,3,1,7.3777,5.2163,0.0,0.055
RN50__layer1,400_500,4,2,7.3528,5.0931,0.025,0.07
RN50__layer1,500_600,0,1,7.3967,5.285,0.005,0.035
RN50__layer1,500_600,1,1,7.4068,5.2851,0.005,0.03
RN50__layer1,500_600,2,1,7.4064,5.2849,0.01,0.04
RN50__layer1,500_600,3,1,7.4138,5.2841,0.005,0.025
RN50__layer1,500_600,4,1,7.4069,5.2851,0.005,0.035
RN50__layer1,600_700,0,1,7.4076,5.2931,0.005,0.03
RN50__layer1,600_700,1,1,7.4135,5.2888,0.005,0.035
RN50__layer1,600_700,2,1,7.4077,5.2918,0.005,0.025
RN50__layer1,600_700,3,1,7.4157,5.292,0.005,0.02
RN50__layer1,600_700,4,1,7.4132,5.2895,0.005,0.035
RN50__layer1,700_800,0,1,7.4083,5.2975,0.005,0.03
RN50__layer1,700_800,1,1,7.4196,5.2911,0.01,0.03
RN50__layer1,700_800,2,1,7.4138,5.2948,0.005,0.025
RN50__layer1,700_800,3,1,7.4261,5.2948,0.005,0.02
RN50__layer1,700_800,4,1,7.4192,5.2965,0.005,0.03
RN50__layer1__fov,baseline,0,1,7.4174,5.3015,0.005,0.03
RN50__layer1__fov,baseline,1,1,7.426,5.3024,0.005,0.025
RN50__layer1__fov,baseline,2,1,7.4187,5.3004,0.005,0.025
RN50__layer1__fov,baseline,3,1,7.4195,5.302,0.005,0.025
RN50__layer1__fov,baseline,4,1,7.42,5.3007,0.005,0.02
RN50__layer1__fov,0_100,0,3,6.9239,4.2205,0.065,0.22
RN50__layer1__fov,0_100,1,3,6.9063,4.1834,0.05,0.21
RN50__layer1__fov,0_100,2,4,6.9117,4.1715,0.075,0.215
RN50__layer1__fov,0_100,3,3,6.9256,4.1686,0.065,0.205
RN50__layer1__fov,0_100,4,4,6.9434,4.1536,0.06,0.225
RN50__layer1__fov,100_200,0,5,6.3281,3.4154,0.17,0.485
RN50__layer1__fov,100_200,1,4,6.4084,3.5116,0.155,0.43
RN50__layer1__fov,100_200,2,4,6.3697,3.4966,0.155,0.45
RN50__layer1__fov,100_200,3,3,6.4049,3.5793,0.13,0.43
RN50__layer1__fov,100_200,4,4,6.3549,3.4832,0.125,0.445
RN50__layer1__fov,200_300,0,5,6.6196,3.5836,0.145,0.42
RN50__layer1__fov,200_300,1,4,6.6217,3.6516,0.165,0.445
RN50__layer1__fov,200_300,2,4,6.6446,3.6079,0.13,0.435
RN50__layer1__fov,200_300,3,5,6.5787,3.6078,0.17,0.415
RN50__layer1__fov,200_300,4,4,6.5982,3.629,0.17,0.43
RN50__layer1__fov,300_400,0,3,7.166,4.39,0.045,0.22
RN50__layer1__fov,300_400,1,2,7.1808,4.4885,0.09,0.2
RN50__layer1__fov,300_400,2,2,7.1334,4.5177,0.07,0.195
RN50__layer1__fov,300_400,3,3,7.1566,4.4055,0.045,0.23
RN50__layer1__fov,300_400,4,2,7.1777,4.5024,0.065,0.2
RN50__layer1__fov,400_500,0,1,7.3561,5.2238,0.0,0.025
RN50__layer1__fov,400_500,1,1,7.3591,5.216,0.005,0.05
RN50__layer1__fov,400_500,2,2,7.3493,5.0874,0.02,0.075
RN50__layer1__fov,400_500,3,1,7.3744,5.2121,0.02,0.045
RN50__layer1__fov,400_500,4,2,7.3538,5.0833,0.015,0.09
RN50__layer1__fov,500_600,0,1,7.404,5.2851,0.01,0.035
RN50__layer1__fov,500_600,1,1,7.4047,5.285,0.005,0.04
RN50__layer1__fov,500_600,2,1,7.4041,5.2837,0.005,0.045
RN50__layer1__fov,500_600,3,1,7.4139,5.2833,0.015,0.03
RN50__layer1__fov,500_600,4,1,7.4103,5.2861,0.005,0.035
RN50__layer1__fov,600_700,0,1,7.4098,5.2935,0.005,0.03
RN50__layer1__fov,600_700,1,1,7.4114,5.2897,0.005,0.015
RN50__layer1__fov,600_700,2,1,7.4075,5.2923,0.005,0.035
RN50__layer1__fov,600_700,3,1,7.4177,5.2889,0.01,0.03
RN50__layer1__fov,600_700,4,1,7.4158,5.2905,0.005,0.015
RN50__layer1__fov,700_800,0,1,7.4117,5.2968,0.005,0.02
RN50__layer1__fov,700_800,1,1,7.4172,5.2918,0.0,0.04
RN50__layer1__fov,700_800,2,1,7.4161,5.2948,0.005,0.04
RN50__layer1__fov,700_800,3,1,7.4263,5.2932,0.005,0.03
RN50__layer1__fov,700_800,4,1,7.4207,5.2962,0.005,0.025
RN50__layer2,baseline,0,1,7.4175,5.3053,0.0,0.025
RN50__layer2,baseline,1,1,7.4264,5.3031,0.01,0.025
RN50__layer2,baseline,2,1,7.4218,5.3014,0.005,0.02
RN50__layer2,baseline,3,1,7.4235,5.3028,0.005,0.025
RN50__layer2,baseline,4,1,7.4163,5.3038,0.0,0.035
RN50__layer2,0_100,0,5,6.8851,4.0786,0.05,0.23
RN50__layer2,0_100,1,4,6.8861,4.0932,0.045,0.22
RN50__layer2,0_100,2,4,6.8837,4.1022,0.03,0.265
RN50__layer2,0_100,3,4,6.8983,4.096,0.07,0.245
RN50__layer2,0_100,4,4,6.9124,4.0669,0.065,0.27
RN50__layer2,100_200,0,5,6.1979,3.2358,0.2,0.56
RN50__layer2,100_200,1,5,6.2694,3.2718,0.235,0.55
RN50__layer2,100_200,2,5,6.2426,3.2577,0.21,0.555
RN50__layer2,100_200,3,5,6.2687,3.258,0.185,0.555
RN50__layer2,100_200,4,4,6.2156,3.3133,0.2,0.54
RN50__layer2,200_300,0,4,6.4868,3.5096,0.195,0.455
RN50__layer2,200_300,1,4,6.5039,3.4996,0.18,0.475
RN50__layer2,200_300,2,5,6.4743,3.4401,0.215,0.475
RN50__layer2,200_300,3,5,6.466,3.4499,0.19,0.44
RN50__layer2,200_300,4,4,6.4711,3.4898,0.21,0.465
RN50__layer2,300_400,0,3,7.0698,4.2425,0.1,0.275
RN50__layer2,300_400,1,3,7.0965,4.1713,0.1,0.31
RN50__layer2,300_400,2,3,7.0642,4.2532,0.07,0.245
RN50__layer2,300_400,3,3,7.0956,4.2407,0.075,0.275
RN50__layer2,300_400,4,3,7.1076,4.2089,0.11,0.27
RN50__layer2,400_500,0,1,7.3359,5.194,0.04,0.065
RN50__layer2,400_500,1,1,7.342,5.202,0.01,0.055
RN50__layer2,400_500,2,2,7.3434,4.9906,0.03,0.1
RN50__layer2,400_500,3,1,7.3616,5.2005,0.03,0.065
RN50__layer2,400_500,4,1,7.3343,5.2026,0.025,0.07
RN50__layer2,500_600,0,1,7.3975,5.2776,0.0,0.04
RN50__layer2,500_600,1,1,7.4014,5.2809,0.01,0.045
RN50__layer2,500_600,2,1,7.3981,5.2787,0.0,0.035
RN50__layer2,500_600,3,1,7.4074,5.2817,0.01,0.03
RN50__layer2,500_600,4,1,7.4092,5.2803,0.01,0.04
RN50__layer2,600_700,0,1,7.4059,5.291,0.01,0.025
RN50__layer2,600_700,1,1,7.4127,5.2905,0.0,0.03
RN50__layer2,600_700,2,1,7.4009,5.2912,0.005,0.03
RN50__layer2,600_700,3,1,7.4152,5.2902,0.005,0.015
RN50__layer2,600_700,4,1,7.4159,5.292,0.005,0.03
RN50__layer2,700_800,0,1,7.4135,5.2935,0.02,0.03
RN50__layer2,700_800,1,1,7.4191,5.2938,0.01,0.02
RN50__layer2,700_800,2,1,7.4122,5.292,0.0,0.035
RN50__layer2,700_800,3,1,7.4265,5.2926,0.015,0.03
RN50__layer2,700_800,4,1,7.4242,5.293,0.01,0.03
RN50__layer2__fov,baseline,0,1,7.4159,5.3043,0.005,0.02
RN50__layer2__fov,baseline,1,1,7.4262,5.3033,0.005,0.025
RN50__layer2__fov,baseline,2,1,7.4236,5.301,0.005,0.03
RN50__layer2__fov,baseline,3,1,7.4253,5.3037,0.01,0.02
RN50__layer2__fov,baseline,4,1,7.4158,5.3027,0.005,0.025
RN50__layer2__fov,0_100,0,5,6.8794,4.0228,0.07,0.265
RN50__layer2__fov,0_100,1,4,6.8619,4.0636,0.05,0.25
RN50__layer2__fov,0_100,2,4,6.8733,4.0482,0.07,0.25
RN50__layer2__fov,0_100,3,4,6.875,4.0495,0.06,0.245
RN50__layer2__fov,0_100,4,4,6.8945,4.031,0.055,0.265
RN50__layer2__fov,100_200,0,5,6.1679,3.1904,0.215,0.585
RN50__layer2__fov,100_200,1,5,6.2443,3.2045,0.235,0.555
RN50__layer2__fov,100_200,2,5,6.2148,3.1787,0.23,0.55
RN50__layer2__fov,100_200,3,5,6.2308,3.208,0.19,0.56
RN50__layer2__fov,100_200,4,4,6.189,3.2535,0.23,0.54
RN50__layer2__fov,200_300,0,5,6.4441,3.3852,0.2,0.48
RN50__layer2__fov,200_300,1,4,6.4859,3.4615,0.195,0.47
RN50__layer2__fov,200_300,2,5,6.4493,3.3684,0.22,0.49
RN50__layer2__fov,200_300,3,5,6.4427,3.4201,0.19,0.44
RN50__layer2__fov,200_300,4,4,6.4522,3.4305,0.2,0.49
RN50__layer2__fov,300_400,0,3,7.0608,4.2224,0.11,0.3
RN50__layer2__fov,300_400,1,3,7.0954,4.1432,0.105,0.335
RN50__layer2__fov,300_400,2,3,7.0614,4.1973,0.065,0.3
RN50__layer2__fov,300_400,3,3,7.0906,4.218,0.08,0.28
RN50__layer2__fov,300_400,4,3,7.1046,4.1721,0.1,0.31
RN50__layer2__fov,400_500,0,2,7.3348,4.9626,0.035,0.09
RN50__layer2__fov,400_500,1,1,7.3418,5.1909,0.01,0.075
RN50__layer2__fov,400_500,2,2,7.3429,4.9645,0.04,0.105
RN50__layer2__fov,400_500,3,1,7.3642,5.1949,0.005,0.065
RN50__layer2__fov,400_500,4,1,7.3342,5.1973,0.015,0.06
RN50__layer2__fov,500_600,0,1,7.3974,5.2779,0.0,0.02
RN50__layer2__fov,500_600,1,1,7.399,5.279,0.01,0.025
RN50__layer2__fov,500_600,2,1,7.4031,5.2776,0.02,0.05
RN50__layer2__fov,500_600,3,1,7.4067,5.2786,0.005,0.045
RN50__layer2__fov,500_600,4,1,7.4129,5.2773,0.0,0.04
RN50__layer2__fov,600_700,0,1,7.4052,5.2899,0.005,0.025
RN50__layer2__fov,600_700,1,1,7.4133,5.2891,0.005,0.03
RN50__layer2__fov,600_700,2,1,7.4035,5.2888,0.01,0.02
RN50__layer2__fov,600_700,3,1,7.4154,5.288,0.005,0.015
RN50__layer2__fov,600_700,4,1,7.4175,5.2902,0.01,0.03
RN50__layer2__fov,700_800,0,1,7.4122,5.2951,0.0,0.025
RN50__layer2__fov,700_800,1,1,7.4158,5.2934,0.005,0.035
RN50__layer2__fov,700_800,2,1,7.4109,5.2887,0.015,0.03
RN50__layer2__fov,700_800,3,1,7.4254,5.29,0.0,0.025
RN50__layer2__fov,700_800,4,1,7.4258,5.2908,0.01,0.03
RN50__layer3,baseline,0,1,7.4301,5.3161,0.005,0.025
RN50__layer3,baseline,1,1,7.4322,5.3129,0.005,0.025
RN50__layer3,baseline,2,1,7.4306,5.3115,0.005,0.025
RN50__layer3,baseline,3,1,7.436,5.3131,0.005,0.025
RN50__layer3,baseline,4,1,7.4355,5.315,0.005,0.025
RN50__layer3,0_100,0,5,6.9337,4.2398,0.09,0.24
RN50__layer3,0_100,1,4,6.9121,4.2506,0.075,0.255
RN50__layer3,0_100,2,5,6.9265,4.2445,0.095,0.225
RN50__layer3,0_100,3,4,6.9136,4.2291,0.075,0.23
RN50__layer3,0_100,4,5,6.9568,4.2255,0.065,0.245
RN50__layer3,100_200,0,5,6.1826,3.2738,0.275,0.6
RN50__layer3,100_200,1,5,6.2351,3.2498,0.285,0.59
RN50__layer3,100_200,2,5,6.2074,3.237,0.27,0.605
RN50__layer3,100_200,3,5,6.2137,3.2335,0.26,0.59
RN50__layer3,100_200,4,4,6.2134,3.2741,0.27,0.56
RN50__layer3,200_300,0,5,6.3382,3.3195,0.265,0.54
RN50__layer3,200_300,1,6,6.3439,3.3532,0.2,0.49
RN50__layer3,200_300,2,5,6.3482,3.3452,0.235,0.515
RN50__layer3,200_300,3,5,6.2986,3.3448,0.235,0.5
RN50__layer3,200_300,4,4,6.3714,3.3801,0.245,0.51
RN50__layer3,300_400,0,4,6.9227,3.9421,0.16,0.39
RN50__layer3,300_400,1,4,6.9498,3.9557,0.155,0.33
RN50__layer3,300_400,2,4,6.9262,3.9607,0.12,0.365
RN50__layer3,300_400,3,4,6.9015,3.954,0.1,0.38
RN50__layer3,300_400,4,4,6.9104,3.9298,0.125,0.385
RN50__layer3,400_500,0,2,7.3241,4.8868,0.02,0.1
RN50__layer3,400_500,1,1,7.3316,5.1782,0.025,0.07
RN50__layer3,400_500,2,2,7.3255,4.8666,0.015,0.135
RN50__layer3,400_500,3,1,7.3458,5.172,0.015,0.06
RN50__layer3,400_500,4,3,7.3254,4.8185,0.04,0.14
RN50__layer3,500_600,0,1,7.4055,5.279,0.01,0.015
RN50__layer3,500_600,1,1,7.4028,5.2818,0.01,0.04
RN50__layer3,500_600,2,1,7.4043,5.2828,0.01,0.05
RN50__layer3,500_600,3,1,7.4131,5.2812,0.0,0.045
RN50__layer3,500_600,4,1,7.4096,5.2816,0.005,0.03
RN50__layer3,600_700,0,1,7.4238,5.2995,0.005,0.03
RN50__layer3,600_700,1,1,7.421,5.296,0.005,0.025
RN50__layer3,600_700,2,1,7.4135,5.2957,0.005,0.025
RN50__layer3,600_700,3,1,7.43,5.2979,0.005,0.03
RN50__layer3,600_700,4,1,7.4277,5.2998,0.01,0.035
RN50__layer3,700_800,0,1,7.4293,5.3021,0.005,0.015
RN50__layer3,700_800,1,1,7.429,5.3036,0.005,0.04
RN50__layer3,700_800,2,1,7.4301,5.3034,0.005,0.035
RN50__layer3,700_800,3,1,7.447,5.3015,0.005,0.035
RN50__layer3,700_800,4,1,7.4409,5.3031,0.005,0.02
RN50__layer3__fov,baseline,0,1,7.4295,5.313,0.005,0.025
RN50__layer3__fov,baseline,1,1,7.4352,5.3148,0.005,0.02
RN50__layer3__fov,baseline,2,1,7.4347,5.3118,0.005,0.02
RN50__layer3__fov,baseline,3,1,7.4336,5.3144,0.005,0.025
RN50__layer3__fov,baseline,4,1,7.4307,5.3118,0.005,0.015
RN50__layer3__fov,0_100,0,5,6.9204,4.1996,0.1,0.235
RN50__layer3__fov,0_100,1,4,6.904,4.2165,0.06,0.27
RN50__layer3__fov,0_100,2,5,6.9246,4.2031,0.09,0.24
RN50__layer3__fov,0_100,3,4,6.9072,4.2101,0.065,0.23
RN50__layer3__fov,0_100,4,5,6.9372,4.1798,0.08,0.255
RN50__layer3__fov,100_200,0,5,6.1633,3.2213,0.28,0.605
RN50__layer3__fov,100_200,1,5,6.2087,3.2131,0.265,0.62
RN50__layer3__fov,100_200,2,5,6.179,3.2031,0.28,0.615
RN50__layer3__fov,100_200,3,5,6.1857,3.2085,0.275,0.61
RN50__layer3__fov,100_200,4,6,6.1938,3.1525,0.31,0.615
RN50__layer3__fov,200_300,0,5,6.3268,3.2841,0.245,0.56
RN50__layer3__fov,200_300,1,6,6.3313,3.3133,0.23,0.54
RN50__layer3__fov,200_300,2,5,6.3299,3.304,0.235,0.54
RN50__layer3__fov,200_300,3,5,6.283,3.3239,0.25,0.505
RN50__layer3__fov,200_300,4,5,6.3535,3.2882,0.28,0.545
RN50__layer3__fov,300_400,0,4,6.9082,3.9356,0.14,0.38
RN50__layer3__fov,300_400,1,4,6.9419,3.9119,0.15,0.37
RN50__layer3__fov,300_400,2,3,6.9275,3.918,0.12,0.405
RN50__layer3__fov,300_400,3,4,6.8977,3.9287,0.105,0.4
RN50__layer3__fov,300_400,4,4,6.9023,3.9011,0.145,0.41
RN50__layer3__fov,400_500,0,2,7.313,4.8529,0.03,0.105
RN50__layer3__fov,400_500,1,1,7.3347,5.1726,0.02,0.075
RN50__layer3__fov,400_500,2,2,7.3339,4.8436,0.04,0.13
RN50__layer3__fov,400_500,3,1,7.338,5.1669,0.01,0.075
RN50__layer3__fov,400_500,4,3,7.3104,4.7823,0.05,0.14
RN50__layer3__fov,500_600,0,1,7.4003,5.2795,0.005,0.03
RN50__layer3__fov,500_600,1,1,7.4144,5.2831,0.005,0.025
RN50__layer3__fov,500_600,2,1,7.4031,5.2794,0.01,0.035
RN50__layer3__fov,500_600,3,1,7.4123,5.2811,0.005,0.025
RN50__layer3__fov,500_600,4,1,7.4068,5.2755,0.01,0.025
RN50__layer3__fov,600_700,0,1,7.4155,5.2965,0.005,0.03
RN50__layer3__fov,600_700,1,1,7.4288,5.2939,0.005,0.035
RN50__layer3__fov,600_700,2,1,7.4148,5.2916,0.01,0.025
RN50__layer3__fov,600_700,3,1,7.4263,5.2953,0.01,0.03
RN50__layer3__fov,600_700,4,1,7.4309,5.2958,0.0,0.025
RN50__layer3__fov,700_800,0,1,7.4268,5.2987,0.01,0.02
RN50__layer3__fov,700_800,1,1,7.4319,5.3019,0.01,0.03
RN50__layer3__fov,700_800,2,1,7.4336,5.2999,0.0,0.035
RN50__layer3__fov,700_800,3,1,7.4443,5.2993,0.01,0.03
RN50__layer3__fov,700_800,4,1,7.4407,5.2965,0.005,0.035
RN50__layer4,baseline,0,1,7.4377,5.317,0.005,0.02
RN50__layer4,baseline,1,1,7.4378,5.3185,0.005,0.02
RN50__layer4,baseline,2,1,7.4419,5.3193,0.0,0.02
RN50__layer4,baseline,3,1,7.4375,5.3202,0.005,0.025
RN50__layer4,baseline,4,1,7.4346,5.3169,0.005,0.02
RN50__layer4,0_100,0,3,7.0995,4.542,0.04,0.185
RN50__layer4,0_100,1,4,7.0581,4.5551,0.04,0.16
RN50__layer4,0_100,2,5,7.0671,4.5555,0.025,0.16
RN50__layer4,0_100,3,4,7.072,4.563,0.045,0.155
RN50__layer4,0_100,4,4,7.0717,4.5514,0.045,0.165
RN50__layer4,100_200,0,4,6.4067,3.6479,0.175,0.46
RN50__layer4,100_200,1,4,6.419,3.6982,0.14,0.41
RN50__layer4,100_200,2,5,6.4045,3.6144,0.19,0.43
RN50__layer4,100_200,3,5,6.399,3.6058,0.155,0.46
RN50__layer4,100_200,4,4,6.3889,3.6585,0.135,0.445
RN50__layer4,200_300,0,4,6.4705,3.5887,0.195,0.445
RN50__layer4,200_300,1,4,6.4657,3.6268,0.17,0.46
RN50__layer4,200_300,2,5,6.4646,3.5634,0.165,0.47
RN50__layer4,200_300,3,5,6.4183,3.5914,0.17,0.49
RN50__layer4,200_300,4,4,6.4877,3.559,0.17,0.455
RN50__layer4,300_400,0,4,6.9083,4.0521,0.115,0.31
RN50__layer4,300_400,1,4,6.9237,4.0307,0.09,0.355
RN50__layer4,300_400,2,3,6.9529,4.0069,0.13,0.39
RN50__layer4,300_400,3,4,6.8959,4.0264,0.11,0.36
RN50__layer4,300_400,4,4,6.9199,3.9857,0.12,0.37
RN50__layer4,400_500,0,3,7.3233,4.8187,0.04,0.135
RN50__layer4,400_500,1,2,7.3245,4.8323,0.03,0.125
RN50__layer4,400_500,2,2,7.3263,4.8419,0.055,0.15
RN50__layer4,400_500,3,3,7.3097,4.7655,0.035,0.16
RN50__layer4,400_500,4,3,7.3238,4.7683,0.045,0.17
RN50__layer4,500_600,0,1,7.4174,5.2808,0.01,0.05
RN50__layer4,500_600,1,1,7.4123,5.2879,0.005,0.025
RN50__layer4,500_600,2,1,7.4108,5.2733,0.015,0.05
RN50__layer4,500_600,3,1,7.4097,5.2844,0.005,0.025
RN50__layer4,500_600,4,1,7.4226,5.277,0.0,0.035
RN50__layer4,600_700,0,1,7.4336,5.2993,0.005,0.03
RN50__layer4,600_700,1,1,7.4283,5.2997,0.005,0.025
RN50__layer4,600_700,2,1,7.4136,5.3001,0.0,0.025
RN50__layer4,600_700,3,1,7.4258,5.2943,0.005,0.035
RN50__layer4,600_700,4,1,7.4371,5.2977,0.005,0.015
RN50__layer4,700_800,0,1,7.4451,5.3061,0.01,0.035
RN50__layer4,700_800,1,1,7.435,5.3157,0.005,0.025
RN50__layer4,700_800,2,1,7.4392,5.3072,0.0,0.035
RN50__layer4,700_800,3,1,7.4409,5.3036,0.01,0.03
RN50__layer4,700_800,4,1,7.4479,5.3023,0.005,0.025
RN50__layer4__fov,baseline,0,1,7.4339,5.3206,0.005,0.015
RN50__layer4__fov,baseline,1,1,7.4381,5.3222,0.005,0.03
RN50__layer4__fov,baseline,2,1,7.4368,5.3159,0.0,0.025
RN50__layer4__fov,baseline,3,1,7.4361,5.3199,0.005,0.02
RN50__layer4__fov,baseline,4,1,7.4329,5.3185,0.005,0.025
RN50__layer4__fov,0_100,0,5,7.0859,4.5124,0.055,0.185
RN50__layer4__fov,0_100,1,4,7.053,4.5167,0.035,0.16
RN50__layer4__fov,0_100,2,4,7.0534,4.534,0.05,0.175
RN50__layer4__fov,0_100,3,4,7.0592,4.5415,0.055,0.17
RN50__layer4__fov,0_100,4,4,7.0575,4.5375,0.065,0.175
RN50__layer4__fov,100_200,0,4,6.3794,3.5993,0.19,0.51
RN50__layer4__fov,100_200,1,4,6.3929,3.6516,0.17,0.43
RN50__layer4__fov,100_200,2,5,6.3837,3.5596,0.175,0.475
RN50__layer4__fov,100_200,3,5,6.3765,3.5579,0.19,0.48
RN50__layer4__fov,100_200,4,4,6.3684,3.6068,0.18,0.45
RN50__layer4__fov,200_300,0,5,6.4498,3.4752,0.21,0.51
RN50__layer4__fov,200_300,1,4,6.4481,3.5576,0.21,0.485
RN50__layer4__fov,200_300,2,5,6.4497,3.5063,0.18,0.455
RN50__layer4__fov,200_300,3,5,6.3986,3.5381,0.18,0.46
RN50__layer4__fov,200_300,4,4,6.4643,3.5157,0.19,0.475
RN50__layer4__fov,300_400,0,4,6.9008,4.0126,0.13,0.35
RN50__layer4__fov,300_400,1,4,6.9151,3.9656,0.115,0.395
RN50__layer4__fov,300_400,2,4,6.9332,3.9918,0.125,0.37
RN50__layer4__fov,300_400,3,4,6.8843,3.9905,0.095,0.385
RN50__layer4__fov,300_400,4,4,6.9041,3.9668,0.12,0.385
RN50__layer4__fov,400_500,0,3,7.321,4.7865,0.035,0.155
RN50__layer4__fov,400_500,1,2,7.3191,4.7996,0.025,0.135
RN50__layer4__fov,400_500,2,2,7.3201,4.8257,0.03,0.155
RN50__layer4__fov,400_500,3,3,7.3111,4.7562,0.03,0.165
RN50__layer4__fov,400_500,4,3,7.3092,4.7532,0.03,0.16
RN50__layer4__fov,500_600,0,1,7.4176,5.2821,0.005,0.02
RN50__layer4__fov,500_600,1,1,7.4138,5.2863,0.01,0.025
RN50__layer4__fov,500_600,2,1,7.4157,5.2842,0.005,0.015
RN50__layer4__fov,500_600,3,1,7.4141,5.2863,0.01,0.025
RN50__layer4__fov,500_600,4,1,7.4132,5.2833,0.005,0.025
RN50__layer4__fov,600_700,0,1,7.4296,5.2964,0.005,0.025
RN50__layer4__fov,600_700,1,1,7.4215,5.2901,0.01,0.02
RN50__layer4__fov,600_700,2,1,7.4182,5.2966,0.01,0.025
RN50__layer4__fov,600_700,3,1,7.4308,5.2962,0.005,0.025
RN50__layer4__fov,600_700,4,1,7.4327,5.3022,0.005,0.025
RN50__layer4__fov,700_800,0,1,7.4452,5.3072,0.005,0.03
RN50__layer4__fov,700_800,1,1,7.4294,5.3064,0.005,0.03
RN50__layer4__fov,700_800,2,1,7.4419,5.3051,0.005,0.035
RN50__layer4__fov,700_800,3,1,7.4483,5.3069,0.005,0.025
RN50__layer4__fov,700_800,4,1,7.4321,5.3055,0.005,0.035
RN50__stem,baseline,0,1,7.4335,5.3093,0.005,0.035
RN50__stem,baseline,1,1,7.4343,5.309,0.0,0.02
RN50__stem,baseline,2,1,7.4356,5.3087,0.0,0.025
RN50__stem,baseline,3,1,7.4336,5.3102,0.005,0.02
RN50__stem,baseline,4,1,7.4292,5.3056,0.0,0.025
RN50__stem,0_100,0,4,7.044,4.518,0.045,0.16
RN50__stem,0_100,1,3,7.0774,4.5818,0.035,0.17
RN50__stem,0_100,2,4,7.0675,4.5243,0.04,0.16
RN50__stem,0_100,3,3,7.0876,4.6035,0.04,0.195
RN50__stem,0_100,4,4,7.0733,4.5326,0.05,0.15
RN50__stem,100_200,0,4,6.7354,4.0607,0.075,0.325
RN50__stem,100_200,1,4,6.8008,4.0749,0.08,0.31
RN50__stem,100_200,2,4,6.7434,4.0312,0.12,0.335
RN50__stem,100_200,3,4,6.7257,4.0759,0.095,0.3
RN50__stem,100_200,4,4,6.7717,4.1419,0.07,0.275
RN50__stem,200_300,0,4,6.8887,4.2044,0.09,0.265
RN50__stem,200_300,1,4,6.8916,4.1533,0.09,0.295
RN50__stem,200_300,2,4,6.9362,4.1391,0.075,0.285
RN50__stem,200_300,3,5,6.8923,4.141,0.08,0.3
RN50__stem,200_300,4,4,6.9313,4.1408,0.075,0.305
RN50__stem,300_400,0,3,7.2639,4.7709,0.035,0.135
RN50__stem,300_400,1,3,7.2528,4.8227,0.04,0.15
RN50__stem,300_400,2,3,7.2335,4.8073,0.05,0.17
RN50__stem,300_400,3,3,7.2767,4.7498,0.065,0.155
RN50__stem,300_400,4,2,7.2625,4.8937,0.025,0.16
RN50__stem,400_500,0,2,7.3662,5.1985,0.02,0.035
RN50__stem,400_500,1,2,7.3723,5.205,0.015,0.065
RN50__stem,400_500,2,2,7.3806,5.2108,0.005,0.06
RN50__stem,400_500,3,1,7.3874,5.2481,0.01,0.05
RN50__stem,400_500,4,2,7.3746,5.1931,0.015,0.07
RN50__stem,500_600,0,1,7.424,5.2903,0.0,0.03
RN50__stem,500_600,1,1,7.4176,5.2939,0.0,0.025
RN50__stem,500_600,2,1,7.4127,5.2932,0.005,0.03
RN50__stem,500_600,3,1,7.4247,5.2936,0.005,0.03
RN50__stem,500_600,4,1,7.4207,5.2973,0.005,0.02
RN50__stem,600_700,0,1,7.4187,5.2976,0.005,0.025
RN50__stem,600_700,1,1,7.4319,5.2971,0.005,0.025
RN50__stem,600_700,2,1,7.4179,5.2985,0.0,0.025
RN50__stem,600_700,3,1,7.4217,5.2974,0.005,0.035
RN50__stem,600_700,4,1,7.4171,5.2948,0.01,0.02
RN50__stem,700_800,0,2,7.427,5.2928,0.005,0.03
RN50__stem,700_800,1,1,7.4258,5.3009,0.005,0.02
RN50__stem,700_800,2,1,7.4228,5.3013,0.005,0.025
RN50__stem,700_800,3,1,7.4296,5.2996,0.005,0.04
RN50__stem,700_800,4,1,7.428,5.3008,0.01,0.025
RN50__stem__fov,baseline,0,1,7.4346,5.3082,0.0,0.025
RN50__stem__fov,baseline,1,1,7.434,5.3078,0.0,0.02
RN50__stem__fov,baseline,2,1,7.4392,5.3108,0.005,0.025
RN50__stem__fov,baseline,3,1,7.4318,5.3087,0.005,0.03
RN50__stem__fov,baseline,4,1,7.4265,5.3064,0.005,0.03
RN50__stem__fov,0_100,0,4,7.0218,4.4738,0.04,0.175
RN50__stem__fov,0_100,1,3,7.0619,4.5531,0.04,0.17
RN50__stem__fov,0_100,2,4,7.0452,4.4742,0.04,0.17
RN50__stem__fov,0_100,3,3,7.062,4.5595,0.045,0.2
RN50__stem__fov,0_100,4,4,7.0485,4.479,0.025,0.135
RN50__stem__fov,100_200,0,4,6.7058,3.9679,0.105,0.325
RN50__stem__fov,100_200,1,4,6.7594,3.9888,0.115,0.33
RN50__stem__fov,100_200,2,4,6.696,3.9302,0.125,0.37
RN50__stem__fov,100_200,3,4,6.6838,3.9821,0.085,0.32
RN50__stem__fov,100_200,4,4,6.7306,4.0591,0.08,0.31
RN50__stem__fov,200_300,0,4,6.863,4.1314,0.085,0.28
RN50__stem__fov,200_300,1,4,6.8705,4.0769,0.09,0.285
RN50__stem__fov,200_300,2,4,6.8994,4.0778,0.09,0.29
RN50__stem__fov,200_300,3,4,6.8607,4.0926,0.08,0.305
RN50__stem__fov,200_300,4,4,6.9034,4.0798,0.095,0.295
RN50__stem__fov,300_400,0,2,7.2518,4.8931,0.025,0.15
RN50__stem__fov,300_400,1,3,7.2552,4.8088,0.05,0.165
RN50__stem__fov,300_400,2,3,7.2268,4.7919,0.035,0.17
RN50__stem__fov,300_400,3,3,7.2635,4.7187,0.04,0.18
RN50__stem__fov,300_400,4,3,7.2665,4.7409,0.045,0.14
RN50__stem__fov,400_500,0,2,7.3629,5.1891,0.015,0.045
RN50__stem__fov,400_500,1,2,7.3721,5.195,0.005,0.075
RN50__stem__fov,400_500,2,2,7.3762,5.2035,0.02,0.085
RN50__stem__fov,400_500,3,1,7.387,5.242,0.01,0.035
RN50__stem__fov,400_500,4,1,7.378,5.2477,0.005,0.05
RN50__stem__fov,500_600,0,1,7.422,5.2941,0.005,0.02
RN50__stem__fov,500_600,1,1,7.4207,5.2907,0.005,0.025
RN50__stem__fov,500_600,2,1,7.415,5.2939,0.005,0.025
RN50__stem__fov,500_600,3,1,7.4252,5.2924,0.005,0.03
RN50__stem__fov,500_600,4,1,7.4257,5.296,0.005,0.025
RN50__stem__fov,600_700,0,1,7.4174,5.2952,0.005,0.025
RN50__stem__fov,600_700,1,1,7.432,5.2973,0.01,0.035
RN50__stem__fov,600_700,2,1,7.4179,5.2951,0.005,0.025
RN50__stem__fov,600_700,3,1,7.4213,5.2949,0.005,0.025
RN50__stem__fov,600_700,4,1,7.4189,5.2997,0.005,0.025
RN50__stem__fov,700_800,0,1,7.4225,5.3001,0.005,0.04
RN50__stem__fov,700_800,1,1,7.4298,5.2976,0.005,0.02
RN50__stem__fov,700_800,2,2,7.4328,5.2912,0.005,0.03
RN50__stem__fov,700_800,3,1,7.4289,5.3017,0.005,0.025
RN50__stem__fov,700_800,4,1,7.4287,5.302,0.01,0.02
ViT-B-16__block10,baseline,0,1,7.4343,5.3164,0.005,0.03
ViT-B-16__block10,baseline,1,1,7.4384,5.3135,0.005,0.02
ViT-B-16__block10,baseline,2,1,7.4266,5.3132,0.005,0.025
ViT-B-16__block10,baseline,3,1,7.4407,5.3127,0.0,0.02
ViT-B-16__block10,baseline,4,1,7.4292,5.3153,0.0,0.025
ViT-B-16__block10,0_100,0,4,7.1333,4.6028,0.04,0.13
ViT-B-16__block10,0_100,1,4,7.1178,4.6155,0.025,0.14
ViT-B-16__block10,0_100,2,5,7.0915,4.598,0.045,0.15
ViT-B-16__block10,0_100,3,4,7.1134,4.6359,0.045,0.14
ViT-B-16__block10,0_100,4,4,7.1152,4.649,0.05,0.13
ViT-B-16__block10,100_200,0,4,6.537,3.8458,0.145,0.39
ViT-B-16__block10,100_200,1,4,6.5492,3.8614,0.125,0.34
ViT-B-16__block10,100_200,2,5,6.532,3.793,0.145,0.375
ViT-B-16__block10,100_200,3,5,6.5451,3.7696,0.125,0.405
ViT-B-16__block10,100_200,4,4,6.5364,3.8462,0.135,0.375
ViT-B-16__block10,200_300,0,4,6.5682,3.8068,0.085,0.405
ViT-B-16__block10,200_300,1,4,6.5899,3.8281,0.125,0.445
ViT-B-16__block10,200_300,2,5,6.5902,3.8031,0.115,0.38
ViT-B-16__block10,200_300,3,4,6.559,3.8339,0.115,0.385
ViT-B-16__block10,200_300,4,4,6.6089,3.7828,0.12,0.415
ViT-B-16__block10,300_400,0,3,6.9714,4.1364,0.085,0.3
ViT-B-16__block10,300_400,1,4,6.9888,4.1415,0.11,0.295
ViT-B-16__block10,300_400,2,3,6.9958,4.1122,0.085,0.325
ViT-B-16__block10,300_400,3,4,6.9632,4.1234,0.08,0.285
ViT-B-16__block10,300_400,4,4,6.998,4.1228,0.1,0.325
ViT-B-16__block10,400_500,0,3,7.3305,4.8817,0.015,0.105
ViT-B-16__block10,400_500,1,1,7.3529,5.1821,0.01,0.06
ViT-B-16__block10,400_500,2,2,7.3311,4.892,0.035,0.12
ViT-B-16__block10,400_500,3,2,7.3401,4.8681,0.035,0.085
ViT-B-16__block10,400_500,4,1,7.3471,5.189,0.01,0.05
ViT-B-16__block10,500_600,0,1,7.4227,5.2836,0.01,0.025
ViT-B-16__block10,500_600,1,1,7.4261,5.2809,0.005,0.035
ViT-B-16__block10,500_600,2,1,7.4115,5.2754,0.005,0.035
ViT-B-16__block10,500_600,3,1,7.4283,5.2809,0.01,0.04
ViT-B-16__block10,500_600,4,1,7.4341,5.2762,0.01,0.025
ViT-B-16__block10,600_700,0,1,7.4253,5.303,0.01,0.02
ViT-B-16__block10,600_700,1,1,7.4282,5.2963,0.005,0.035
ViT-B-16__block10,600_700,2,1,7.4151,5.2958,0.005,0.015
ViT-B-16__block10,600_700,3,1,7.4312,5.2938,0.005,0.03
ViT-B-16__block10,600_700,4,1,7.432,5.2985,0.005,0.025
ViT-B-16__block10,700_800,0,1,7.4473,5.3111,0.005,0.02
ViT-B-16__block10,700_800,1,1,7.449,5.3045,0.005,0.045
ViT-B-16__block10,700_800,2,1,7.4325,5.3029,0.01,0.025
ViT-B-16__block10,700_800,3,1,7.4481,5.3038,0.005,0.025
ViT-B-16__block10,700_800,4,1,7.4399,5.3031,0.005,0.03
ViT-B-16__block10__fov,baseline,0,1,7.4318,5.3135,0.005,0.015
ViT-B-16__block10__fov,baseline,1,1,7.4343,5.3169,0.005,0.025
ViT-B-16__block10__fov,baseline,2,1,7.4294,5.3101,0.005,0.025
ViT-B-16__block10__fov,baseline,3,1,7.4341,5.3107,0.005,0.025
ViT-B-16__block10__fov,baseline,4,1,7.4294,5.3113,0.005,0.03
ViT-B-16__block10__fov,0_100,0,4,7.1216,4.5526,0.055,0.17
ViT-B-16__block10__fov,0_100,1,4,7.1196,4.5828,0.04,0.155
ViT-B-16__block10__fov,0_100,2,5,7.098,4.5764,0.04,0.175
ViT-B-16__block10__fov,0_100,3,4,7.0991,4.5927,0.03,0.155
ViT-B-16__block10__fov,0_100,4,4,7.1077,4.612,0.045,0.165
ViT-B-16__block10__fov,100_200,0,4,6.5033,3.76,0.135,0.415
ViT-B-16__block10__fov,100_200,1,4,6.5322,3.788,0.13,0.385
ViT-B-16__block10__fov,100_200,2,5,6.518,3.7082,0.145,0.42
ViT-B-16__block10__fov,100_200,3,5,6.4964,3.6716,0.13,0.435
ViT-B-16__block10__fov,100_200,4,4,6.5018,3.7567,0.11,0.42
ViT-B-16__block10__fov,200_300,0,4,6.517,3.712,0.16,0.42
ViT-B-16__block10__fov,200_300,1,4,6.578,3.7536,0.17,0.435
ViT-B-16__block10__fov,200_300,2,5,6.5796,3.7048,0.115,0.445
ViT-B-16__block10__fov,200_300,3,5,6.5257,3.7343,0.13,0.435
ViT-B-16__block10__fov,200_300,4,4,6.5767,3.6962,0.165,0.5
ViT-B-16__block10__fov,300_400,0,4,6.9673,4.0923,0.115,0.325
ViT-B-16__block10__fov,300_400,1,4,6.9816,4.0715,0.12,0.345
ViT-B-16__block10__fov,300_400,2,4,6.9844,4.0769,0.085,0.335
ViT-B-16__block10__fov,300_400,3,4,6.9737,4.0889,0.095,0.295
ViT-B-16__block10__fov,300_400,4,4,6.9816,4.0812,0.115,0.35
ViT-B-16__block10__fov,400_500,0,3,7.31,4.844,0.03,0.115
ViT-B-16__block10__fov,400_500,1,1,7.3482,5.1903,0.01,0.065
ViT-B-16__block10__fov,400_500,2,2,7.3335,4.8927,0.03,0.14
ViT-B-16__block10__fov,400_500,3,1,7.3558,5.1832,0.015,0.05
ViT-B-16__block10__fov,400_500,4,3,7.3337,4.7889,0.05,0.145
ViT-B-16__block10__fov,500_600,0,1,7.4106,5.2798,0.01,0.04
ViT-B-16__block10__fov,500_600,1,1,7.423,5.2852,0.005,0.035
ViT-B-16__block10__fov,500_600,2,1,7.4188,5.2785,0.005,0.03
ViT-B-16__block10__fov,500_600,3,1,7.4219,5.2766,0.01,0.025
ViT-B-16__block10__fov,500_600,4,1,7.4243,5.2734,0.01,0.04
ViT-B-16__block10__fov,600_700,0,1,7.4222,5.3,0.005,0.025
ViT-B-16__block10__fov,600_700,1,1,7.4282,5.3033,0.005,0.025
ViT-B-16__block10__fov,600_700,2,1,7.4196,5.2967,0.005,0.025
ViT-B-16__block10__fov,600_700,3,1,7.4353,5.2964,0.0,0.025
ViT-B-16__block10__fov,600_700,4,1,7.4299,5.2999,0.005,0.02
ViT-B-16__block10__fov,700_800,0,1,7.444,5.3069,0.0,0.035
ViT-B-16__block10__fov,700_800,1,1,7.4433,5.3113,0.0,0.03
ViT-B-16__block10__fov,700_800,2,1,7.4284,5.3047,0.005,0.025
ViT-B-16__block10__fov,700_800,3,1,7.4478,5.3018,0.01,0.03
ViT-B-16__block10__fov,700_800,4,1,7.433,5.3,0.005,0.02
ViT-B-16__block12,baseline,0,1,7.4423,5.322,0.005,0.025
ViT-B-16__block12,baseline,1,1,7.4394,5.3207,0.005,0.025
ViT-B-16__block12,baseline,2,1,7.4405,5.3229,0.0,0.025
ViT-B-16__block12,baseline,3,1,7.4433,5.3266,0.005,0.03
ViT-B-16__block12,baseline,4,1,7.438,5.3214,0.005,0.025
ViT-B-16__block12,0_100,0,4,7.2619,4.8473,0.025,0.135
ViT-B-16__block12,0_100,1,4,7.22,4.8419,0.035,0.11
ViT-B-16__block12,0_100,2,4,7.2063,4.8457,0.0,0.135
ViT-B-16__block12,0_100,3,3,7.2168,4.85,0.02,0.095
ViT-B-16__block12,0_100,4,6,7.2404,4.8723,0.025,0.12
ViT-B-16__block12,100_200,0,4,6.7351,4.1234,0.125,0.335
ViT-B-16__block12,100_200,1,4,6.7392,4.1799,0.12,0.275
ViT-B-16__block12,100_200,2,4,6.727,4.1657,0.12,0.31
ViT-B-16__block12,100_200,3,4,6.7268,4.1638,0.12,0.29
ViT-B-16__block12,100_200,4,4,6.7276,4.1507,0.105,0.295
ViT-B-16__block12,200_300,0,4,6.7478,4.071,0.1,0.35
ViT-B-16__block12,200_300,1,4,6.7457,4.0965,0.11,0.325
ViT-B-16__block12,200_300,2,4,6.7318,4.0649,0.11,0.33
ViT-B-16__block12,200_300,3,5,6.7305,4.0879,0.085,0.335
ViT-B-16__block12,200_300,4,4,6.7833,4.0326,0.09,0.33
ViT-B-16__block12,300_400,0,4,7.0417,4.3518,0.06,0.23
ViT-B-16__block12,300_400,1,4,7.0449,4.3292,0.065,0.255
ViT-B-16__block12,300_400,2,4,7.0442,4.3368,0.055,0.255
ViT-B-16__block12,300_400,3,4,7.0353,4.3171,0.075,0.275
ViT-B-16__block12,300_400,4,4,7.0551,4.3008,0.085,0.26
ViT-B-16__block12,400_500,0,3,7.3784,4.9192,0.035,0.105
ViT-B-16__block12,400_500,1,1,7.3708,5.2235,0.005,0.06
ViT-B-16__block12,400_500,2,2,7.371,4.9665,0.035,0.095
ViT-B-16__block12,400_500,3,1,7.3748,5.2204,0.02,0.065
ViT-B-16__block12,400_500,4,1,7.3747,5.2326,0.015,0.03
ViT-B-16__block12,500_600,0,1,7.4361,5.2942,0.01,0.05
ViT-B-16__block12,500_600,1,1,7.4388,5.296,0.005,0.035
ViT-B-16__block12,500_600,2,1,7.4305,5.2942,0.005,0.025
ViT-B-16__block12,500_600,3,1,7.4399,5.2952,0.005,0.045
ViT-B-16__block12,500_600,4,1,7.4372,5.3024,0.005,0.025
ViT-B-16__block12,600_700,0,1,7.437,5.3116,0.005,0.03
ViT-B-16__block12,600_700,1,1,7.4403,5.3057,0.005,0.03
ViT-B-16__block12,600_700,2,1,7.4278,5.3096,0.01,0.03
ViT-B-16__block12,600_700,3,1,7.4365,5.3044,0.015,0.035
ViT-B-16__block12,600_700,4,1,7.4453,5.3111,0.005,0.02
ViT-B-16__block12,700_800,0,1,7.4563,5.3115,0.005,0.035
ViT-B-16__block12,700_800,1,1,7.4596,5.3115,0.005,0.02
ViT-B-16__block12,700_800,2,1,7.4455,5.3128,0.005,0.025
ViT-B-16__block12,700_800,3,1,7.4566,5.3083,0.005,0.025
ViT-B-16__block12,700_800,4,1,7.4499,5.3229,0.005,0.025
ViT-B-16__block12__fov,baseline,0,1,7.4376,5.3192,0.005,0.025
ViT-B-16__block12__fov,baseline,1,1,7.4405,5.3259,0.0,0.025
ViT-B-16__block12__fov,baseline,2,1,7.4389,5.3179,0.005,0.025
ViT-B-16__block12__fov,baseline,3,1,7.4447,5.3249,0.0,0.03
ViT-B-16__block12__fov,baseline,4,1,7.4363,5.3206,0.005,0.02
ViT-B-16__block12__fov,0_100,0,3,7.2491,4.8312,0.02,0.13
ViT-B-16__block12__fov,0_100,1,4,7.2285,4.841,0.02,0.11
ViT-B-16__block12__fov,0_100,2,4,7.2097,4.8551,0.025,0.115
ViT-B-16__block12__fov,0_100,3,3,7.2044,4.875,0.025,0.11
ViT-B-16__block12__fov,0_100,4,5,7.2321,4.8611,0.025,0.14
ViT-B-16__block12__fov,100_200,0,4,6.7249,4.1027,0.115,0.33
ViT-B-16__block12__fov,100_200,1,4,6.7351,4.1562,0.105,0.315
ViT-B-16__block12__fov,100_200,2,4,6.7198,4.1325,0.12,0.31
ViT-B-16__block12__fov,100_200,3,4,6.7108,4.1388,0.125,0.305
ViT-B-16__block12__fov,100_200,4,4,6.7311,4.1082,0.095,0.305
ViT-B-16__block12__fov,200_300,0,4,6.7524,4.0509,0.12,0.35
ViT-B-16__block12__fov,200_300,1,4,6.7565,4.0777,0.12,0.34
ViT-B-16__block12__fov,200_300,2,5,6.7471,4.0244,0.095,0.385
ViT-B-16__block12__fov,200_300,3,5,6.727,4.041,0.1,0.36
ViT-B-16__block12__fov,200_300,4,4,6.766,4.0028,0.105,0.365
ViT-B-16__block12__fov,300_400,0,4,7.049,4.3423,0.085,0.26
ViT-B-16__block12__fov,300_400,1,4,7.0415,4.3263,0.085,0.25
ViT-B-16__block12__fov,300_400,2,4,7.0591,4.3309,0.06,0.24
ViT-B-16__block12__fov,300_400,3,4,7.0222,4.3084,0.08,0.255
ViT-B-16__block12__fov,300_400,4,4,7.0487,4.3012,0.095,0.265
ViT-B-16__block12__fov,400_500,0,3,7.3601,4.9148,0.03,0.095
ViT-B-16__block12__fov,400_500,1,1,7.3725,5.2291,0.02,0.065
ViT-B-16__block12__fov,400_500,2,2,7.3675,4.9823,0.025,0.08
ViT-B-16__block12__fov,400_500,3,2,7.369,4.9657,0.025,0.1
ViT-B-16__block12__fov,400_500,4,1,7.3663,5.2358,0.015,0.04
ViT-B-16__block12__fov,500_600,0,1,7.4261,5.3034,0.005,0.02
ViT-B-16__block12__fov,500_600,1,1,7.4425,5.2987,0.005,0.025
ViT-B-16__block12__fov,500_600,2,1,7.4232,5.2894,0.005,0.025
ViT-B-16__block12__fov,500_600,3,1,7.4386,5.2975,0.005,0.03
ViT-B-16__block12__fov,500_600,4,1,7.4327,5.2958,0.01,0.035
ViT-B-16__block12__fov,600_700,0,1,7.4338,5.3106,0.005,0.035
ViT-B-16__block12__fov,600_700,1,1,7.4392,5.3143,0.005,0.02
ViT-B-16__block12__fov,600_700,2,1,7.4262,5.3038,0.005,0.025
ViT-B-16__block12__fov,600_700,3,1,7.437,5.3033,0.005,0.02
ViT-B-16__block12__fov,600_700,4,1,7.444,5.3095,0.01,0.02
ViT-B-16__block12__fov,700_800,0,1,7.4468,5.32,0.005,0.02
ViT-B-16__block12__fov,700_800,1,1,7.4576,5.315,0.005,0.025
ViT-B-16__block12__fov,700_800,2,1,7.4454,5.3135,0.005,0.03
ViT-B-16__block12__fov,700_800,3,1,7.4499,5.3165,0.0,0.03
ViT-B-16__block12__fov,700_800,4,1,7.4473,5.316,0.005,0.025
ViT-B-16__block2,baseline,0,1,7.4132,5.3002,0.0,0.025
ViT-B-16__block2,baseline,1,1,7.4206,5.301,0.01,0.02
ViT-B-16__block2,baseline,2,1,7.417,5.2992,0.015,0.025
ViT-B-16__block2,baseline,3,1,7.4159,5.3002,0.01,0.025
ViT-B-16__block2,baseline,4,1,7.4124,5.3017,0.005,0.03
ViT-B-16__block2,0_100,0,4,6.8303,4.0019,0.065,0.295
ViT-B-16__block2,0_100,1,4,6.8398,4.0317,0.07,0.285
ViT-B-16__block2,0_100,2,3,6.8583,4.035,0.06,0.29
ViT-B-16__block2,0_100,3,4,6.8554,4.0468,0.06,0.29
ViT-B-16__block2,0_100,4,4,6.8423,4.0027,0.07,0.32
ViT-B-16__block2,100_200,0,5,6.3772,3.4664,0.12,0.485
ViT-B-16__block2,100_200,1,5,6.4404,3.4875,0.125,0.47
ViT-B-16__block2,100_200,2,5,6.3812,3.4603,0.165,0.445
ViT-B-16__block2,100_200,3,4,6.4191,3.5062,0.12,0.425
ViT-B-16__block2,100_200,4,4,6.3637,3.5133,0.14,0.445
ViT-B-16__block2,200_300,0,4,6.5765,3.6833,0.18,0.4
ViT-B-16__block2,200_300,1,5,6.6008,3.5754,0.17,0.44
ViT-B-16__block2,200_300,2,4,6.6154,3.6292,0.2,0.42
ViT-B-16__block2,200_300,3,5,6.6018,3.611,0.205,0.435
ViT-B-16__block2,200_300,4,4,6.6063,3.618,0.185,0.445
ViT-B-16__block2,300_400,0,3,7.1853,4.4611,0.065,0.24
ViT-B-16__block2,300_400,1,3,7.175,4.4336,0.075,0.225
ViT-B-16__block2,300_400,2,2,7.1643,4.5596,0.05,0.235
ViT-B-16__block2,300_400,3,3,7.1752,4.4729,0.075,0.245
ViT-B-16__block2,300_400,4,3,7.1804,4.4528,0.055,0.27
ViT-B-16__block2,400_500,0,1,7.3573,5.2181,0.015,0.065
ViT-B-16__block2,400_500,1,1,7.3569,5.2268,0.01,0.08
ViT-B-16__block2,400_500,2,2,7.3567,5.0418,0.01,0.07
ViT-B-16__block2,400_500,3,1,7.3722,5.2235,0.015,0.06
ViT-B-16__block2,400_500,4,1,7.3536,5.2234,0.01,0.06
ViT-B-16__block2,500_600,0,1,7.4005,5.2846,0.01,0.025
ViT-B-16__block2,500_600,1,1,7.4034,5.2837,0.0,0.045
ViT-B-16__block2,500_600,2,1,7.4055,5.2823,0.01,0.03
ViT-B-16__block2,500_600,3,1,7.4056,5.2842,0.005,0.025
ViT-B-16__block2,500_600,4,1,7.4035,5.2824,0.005,0.035
ViT-B-16__block2,600_700,0,1,7.4086,5.2938,0.005,0.015
ViT-B-16__block2,600_700,1,1,7.4143,5.2935,0.005,0.025
ViT-B-16__block2,600_700,2,1,7.4085,5.2911,0.005,0.035
ViT-B-16__block2,600_700,3,1,7.4168,5.2923,0.005,0.035
ViT-B-16__block2,600_700,4,1,7.4118,5.2928,0.015,0.035
ViT-B-16__block2,700_800,0,1,7.4119,5.2975,0.01,0.02
ViT-B-16__block2,700_800,1,1,7.4185,5.2974,0.005,0.03
ViT-B-16__block2,700_800,2,1,7.4132,5.2931,0.01,0.02
ViT-B-16__block2,700_800,3,1,7.4215,5.2937,0.015,0.04
ViT-B-16__block2,700_800,4,1,7.4196,5.2936,0.0,0.02
ViT-B-16__block2__fov,baseline,0,1,7.4117,5.3001,0.01,0.025
ViT-B-16__block2__fov,baseline,1,1,7.4185,5.3008,0.005,0.025
ViT-B-16__block2__fov,baseline,2,1,7.4167,5.2998,0.005,0.02
ViT-B-16__block2__fov,baseline,3,1,7.4151,5.3,0.005,0.03
ViT-B-16__block2__fov,baseline,4,1,7.4117,5.3014,0.005,0.025
ViT-B-16__block2__fov,0_100,0,4,6.8087,3.9631,0.075,0.285
ViT-B-16__block2__fov,0_100,1,4,6.8124,3.9594,0.09,0.29
ViT-B-16__block2__fov,0_100,2,5,6.8286,3.9114,0.08,0.34
ViT-B-16__block2__fov,0_100,3,4,6.8321,3.9889,0.065,0.315
ViT-B-16__block2__fov,0_100,4,4,6.8258,3.9379,0.09,0.315
ViT-B-16__block2__fov,100_200,0,5,6.35,3.3858,0.145,0.515
ViT-B-16__block2__fov,100_200,1,5,6.4127,3.4101,0.145,0.48
ViT-B-16__block2__fov,100_200,2,5,6.363,3.3847,0.175,0.5
ViT-B-16__block2__fov,100_200,3,4,6.3923,3.4357,0.125,0.49
ViT-B-16__block2__fov,100_200,4,4,6.3256,3.4469,0.13,0.46
ViT-B-16__block2__fov,200_300,0,4,6.5439,3.6009,0.21,0.42
ViT-B-16__block2__fov,200_300,1,5,6.5748,3.5036,0.185,0.455
ViT-B-16__block2__fov,200_300,2,4,6.5933,3.5694,0.21,0.45
ViT-B-16__block2__fov,200_300,3,5,6.5849,3.5341,0.205,0.45
ViT-B-16__block2__fov,200_300,4,4,6.5874,3.5547,0.185,0.475
ViT-B-16__block2__fov,300_400,0,3,7.1775,4.4399,0.06,0.245
ViT-B-16__block2__fov,300_400,1,3,7.1793,4.4086,0.065,0.25
ViT-B-16__block2__fov,300_400,2,2,7.1605,4.5149,0.07,0.235
ViT-B-16__block2__fov,300_400,3,3,7.1722,4.4497,0.07,0.245
ViT-B-16__block2__fov,300_400,4,3,7.1686,4.4169,0.065,0.27
ViT-B-16__block2__fov,400_500,0,1,7.3566,5.215,0.015,0.05
ViT-B-16__block2__fov,400_500,1,1,7.3566,5.2204,0.02,0.07
ViT-B-16__block2__fov,400_500,2,1,7.3586,5.2131,0.01,0.07
ViT-B-16__block2__fov,400_500,3,1,7.3704,5.2203,0.01,0.07
ViT-B-16__block2__fov,400_500,4,1,7.356,5.2208,0.01,0.065
ViT-B-16__block2__fov,500_600,0,1,7.4015,5.2836,0.01,0.03
ViT-B-16__block2__fov,500_600,1,1,7.4024,5.2829,0.0,0.02
ViT-B-16__block2__fov,500_600,2,1,7.4033,5.2817,0.015,0.035
ViT-B-16__block2__fov,500_600,3,1,7.4067,5.2838,0.005,0.015
ViT-B-16__block2__fov,500_600,4,1,7.4055,5.2814,0.02,0.055
ViT-B-16__block2__fov,600_700,0,1,7.4075,5.2925,0.005,0.025
ViT-B-16__block2__fov,600_700,1,1,7.4145,5.2937,0.005,0.035
ViT-B-16__block2__fov,600_700,2,1,7.4084,5.2901,0.005,0.035
ViT-B-16__block2__fov,600_700,3,1,7.4161,5.2922,0.015,0.03
ViT-B-16__block2__fov,600_700,4,1,7.4128,5.2932,0.01,0.03
ViT-B-16__block2__fov,700_800,0,1,7.4136,5.2966,0.005,0.03
ViT-B-16__block2__fov,700_800,1,1,7.4164,5.296,0.005,0.03
ViT-B-16__block2__fov,700_800,2,1,7.4132,5.2944,0.005,0.045
ViT-B-16__block2__fov,700_800,3,1,7.4226,5.2951,0.01,0.025
ViT-B-16__block2__fov,700_800,4,1,7.4202,5.2946,0.02,0.045
ViT-B-16__block4,baseline,0,1,7.4151,5.3015,0.0,0.02
ViT-B-16__block4,baseline,1,1,7.4222,5.3017,0.005,0.02
ViT-B-16__block4,baseline,2,1,7.4232,5.3021,0.01,0.03
ViT-B-16__block4,baseline,3,1,7.421,5.3014,0.0,0.015
ViT-B-16__block4,baseline,4,1,7.4168,5.3033,0.0,0.025
ViT-B-16__block4,0_100,0,4,6.8191,3.9318,0.055,0.285
ViT-B-16__block4,0_100,1,4,6.8054,3.9423,0.07,0.29
ViT-B-16__block4,0_100,2,4,6.8523,3.9553,0.06,0.305
ViT-B-16__block4,0_100,3,4,6.8282,3.9366,0.075,0.295
ViT-B-16__block4,0_100,4,4,6.8376,3.9324,0.065,0.29
ViT-B-16__block4,100_200,0,5,6.1751,3.17,0.245,0.555
ViT-B-16__block4,100_200,1,5,6.2306,3.1709,0.255,0.535
ViT-B-16__block4,100_200,2,5,6.228,3.1448,0.24,0.53
ViT-B-16__block4,100_200,3,5,6.2287,3.1525,0.255,0.56
ViT-B-16__block4,100_200,4,4,6.1878,3.2189,0.23,0.55
ViT-B-16__block4,200_300,0,4,6.436,3.4477,0.19,0.455
ViT-B-16__block4,200_300,1,4,6.4509,3.4292,0.175,0.465
ViT-B-16__block4,200_300,2,5,6.4588,3.3948,0.205,0.45
ViT-B-16__block4,200_300,3,5,6.44,3.3782,0.2,0.475
ViT-B-16__block4,200_300,4,4,6.4538,3.3909,0.19,0.475
ViT-B-16__block4,300_400,0,3,7.056,4.2311,0.07,0.265
ViT-B-16__block4,300_400,1,3,7.0647,4.1278,0.095,0.295
ViT-B-16__block4,300_400,2,3,7.0637,4.1981,0.095,0.28
ViT-B-16__block4,300_400,3,3,7.0527,4.1915,0.085,0.27
ViT-B-16__block4,300_400,4,3,7.0831,4.1631,0.085,0.29
ViT-B-16__block4,400_500,0,1,7.3471,5.209,0.015,0.07
ViT-B-16__block4,400_500,1,1,7.3423,5.2055,0.015,0.065
ViT-B-16__block4,400_500,2,2,7.3419,4.9803,0.02,0.08
ViT-B-16__block4,400_500,3,1,7.3578,5.2051,0.005,0.085
ViT-B-16__block4,400_500,4,1,7.3429,5.2051,0.01,0.095
ViT-B-16__block4,500_600,0,1,7.3993,5.2807,0.005,0.035
ViT-B-16__block4,500_600,1,1,7.397,5.2811,0.005,0.035
ViT-B-16__block4,500_600,2,1,7.4021,5.2786,0.005,0.04
ViT-B-16__block4,500_600,3,1,7.4035,5.2793,0.015,0.035
ViT-B-16__block4,500_600,4,1,7.4035,5.2785,0.01,0.065
ViT-B-16__block4,600_700,0,1,7.4107,5.2914,0.01,0.025
ViT-B-16__block4,600_700,1,1,7.4064,5.2914,0.005,0.04
ViT-B-16__block4,600_700,2,1,7.4077,5.2915,0.0,0.035
ViT-B-16__block4,600_700,3,1,7.4159,5.2899,0.005,0.02
ViT-B-16__block4,600_700,4,1,7.412,5.2889,0.0,0.03
ViT-B-16__block4,700_800,0,1,7.4133,5.295,0.005,0.025
ViT-B-16__block4,700_800,1,1,7.4163,5.2945,0.005,0.025
ViT-B-16__block4,700_800,2,1,7.4177,5.2897,0.005,0.025
ViT-B-16__block4,700_800,3,1,7.4243,5.2907,0.01,0.025
ViT-B-16__block4,700_800,4,1,7.4216,5.2912,0.0,0.02
ViT-B-16__block4__fov,baseline,0,1,7.4133,5.3017,0.005,0.015
ViT-B-16__block4__fov,baseline,1,1,7.4229,5.2998,0.0,0.02
ViT-B-16__block4__fov,baseline,2,1,7.4243,5.3022,0.0,0.03
ViT-B-16__block4__fov,baseline,3,1,7.4204,5.2999,0.0,0.02
ViT-B-16__block4__fov,baseline,4,1,7.418,5.3022,0.0,0.025
ViT-B-16__block4__fov,0_100,0,4,6.8114,3.8851,0.07,0.325
ViT-B-16__block4__fov,0_100,1,4,6.7905,3.8938,0.075,0.31
ViT-B-16__block4__fov,0_100,2,4,6.8405,3.9082,0.075,0.335
ViT-B-16__block4__fov,0_100,3,4,6.8197,3.8936,0.09,0.29
ViT-B-16__block4__fov,0_100,4,4,6.8179,3.8956,0.08,0.295
ViT-B-16__block4__fov,100_200,0,5,6.1508,3.072,0.3,0.575
ViT-B-16__block4__fov,100_200,1,5,6.1929,3.0906,0.295,0.55
ViT-B-16__block4__fov,100_200,2,5,6.1812,3.0656,0.26,0.535
ViT-B-16__block4__fov,100_200,3,5,6.2001,3.0756,0.27,0.55
ViT-B-16__block4__fov,100_200,4,4,6.1484,3.1505,0.215,0.535
ViT-B-16__block4__fov,200_300,0,4,6.412,3.3665,0.205,0.475
ViT-B-16__block4__fov,200_300,1,4,6.4288,3.3662,0.185,0.495
ViT-B-16__block4__fov,200_300,2,5,6.4229,3.3189,0.19,0.475
ViT-B-16__block4__fov,200_300,3,5,6.4079,3.314,0.2,0.5
ViT-B-16__block4__fov,200_300,4,4,6.4328,3.3364,0.225,0.485
ViT-B-16__block4__fov,300_400,0,3,7.049,4.2096,0.075,0.285
ViT-B-16__block4__fov,300_400,1,3,7.0608,4.1036,0.1,0.31
ViT-B-16__block4__fov,300_400,2,3,7.0536,4.1752,0.09,0.285
ViT-B-16__block4__fov,300_400,3,3,7.0503,4.1793,0.09,0.235
ViT-B-16__block4__fov,300_400,4,3,7.0878,4.1416,0.09,0.3
ViT-B-16__block4__fov,400_500,0,1,7.3493,5.2054,0.02,0.075
ViT-B-16__block4__fov,400_500,1,1,7.3456,5.2057,0.015,0.045
ViT-B-16__block4__fov,400_500,2,2,7.3418,4.9627,0.04,0.13
ViT-B-16__block4__fov,400_500,3,1,7.3609,5.2041,0.02,0.075
ViT-B-16__block4__fov,400_500,4,1,7.3443,5.2013,0.015,0.08
ViT-B-16__block4__fov,500_600,0,1,7.4003,5.2803,0.005,0.03
ViT-B-16__block4__fov,500_600,1,1,7.3986,5.2805,0.0,0.045
ViT-B-16__block4__fov,500_600,2,1,7.4022,5.2805,0.01,0.04
ViT-B-16__block4__fov,500_600,3,1,7.4019,5.2806,0.005,0.04
ViT-B-16__block4__fov,500_600,4,1,7.4053,5.2784,0.005,0.035
ViT-B-16__block4__fov,600_700,0,1,7.4114,5.2912,0.0,0.04
ViT-B-16__block4__fov,600_700,1,1,7.409,5.2914,0.005,0.025
ViT-B-16__block4__fov,600_700,2,1,7.4069,5.2913,0.01,0.03
ViT-B-16__block4__fov,600_700,3,1,7.4172,5.2909,0.005,0.025
ViT-B-16__block4__fov,600_700,4,1,7.4157,5.2909,0.005,0.02
ViT-B-16__block4__fov,700_800,0,1,7.4149,5.2943,0.005,0.03
ViT-B-16__block4__fov,700_800,1,1,7.4166,5.2931,0.0,0.025
ViT-B-16__block4__fov,700_800,2,1,7.4152,5.2901,0.02,0.035
ViT-B-16__block4__fov,700_800,3,1,7.4231,5.2924,0.005,0.03
ViT-B-16__block4__fov,700_800,4,1,7.4252,5.2924,0.005,0.03
ViT-B-16__block6,baseline,0,1,7.4239,5.3048,0.01,0.02
ViT-B-16__block6,baseline,1,1,7.4265,5.3067,0.005,0.025
ViT-B-16__block6,baseline,2,1,7.4232,5.3056,0.005,0.025
ViT-B-16__block6,baseline,3,1,7.4297,5.3063,0.0,0.02
ViT-B-16__block6,baseline,4,1,7.4219,5.3027,0.005,0.025
ViT-B-16__block6,0_100,0,5,6.9092,4.1375,0.055,0.22
ViT-B-16__block6,0_100,1,4,6.9215,4.1415,0.075,0.2
ViT-B-16__block6,0_100,2,5,6.939,4.1177,0.06,0.245
ViT-B-16__block6,0_100,3,4,6.9183,4.1278,0.05,0.2
ViT-B-16__block6,0_100,4,4,6.958,4.1334,0.05,0.21
ViT-B-16__block6,100_200,0,5,6.259,3.3603,0.215,0.51
ViT-B-16__block6,100_200,1,5,6.3124,3.3729,0.215,0.495
ViT-B-16__block6,100_200,2,5,6.2886,3.3581,0.19,0.49
ViT-B-16__block6,100_200,3,5,6.291,3.3604,0.23,0.51
ViT-B-16__block6,100_200,4,5,6.2956,3.3579,0.225,0.52
ViT-B-16__block6,200_300,0,5,6.4271,3.5293,0.175,0.45
ViT-B-16__block6,200_300,1,6,6.4405,3.4879,0.185,0.46
ViT-B-16__block6,200_300,2,5,6.4475,3.4995,0.165,0.465
ViT-B-16__block6,200_300,3,4,6.4463,3.5771,0.185,0.48
ViT-B-16__block6,200_300,4,4,6.4596,3.5217,0.185,0.48
ViT-B-16__block6,300_400,0,3,7.0448,4.1619,0.055,0.275
ViT-B-16__block6,300_400,1,4,7.0452,4.1443,0.065,0.315
ViT-B-16__block6,300_400,2,4,7.0139,4.1408,0.05,0.305
ViT-B-16__block6,300_400,3,3,7.0469,4.1434,0.06,0.315
ViT-B-16__block6,300_400,4,3,7.0452,4.1095,0.065,0.335
ViT-B-16__block6,400_500,0,2,7.3446,4.95,0.025,0.085
ViT-B-16__block6,400_500,1,1,7.3563,5.2141,0.005,0.06
ViT-B-16__block6,400_500,2,2,7.3501,4.9519,0.025,0.1
ViT-B-16__block6,400_500,3,1,7.3611,5.2111,0.005,0.04
ViT-B-16__block6,400_500,4,1,7.3514,5.2148,0.015,0.06
ViT-B-16__block6,500_600,0,1,7.406,5.2796,0.005,0.035
ViT-B-16__block6,500_600,1,1,7.4149,5.2852,0.015,0.04
ViT-B-16__block6,500_600,2,1,7.409,5.2798,0.01,0.03
ViT-B-16__block6,500_600,3,1,7.4109,5.2834,0.005,0.025
ViT-B-16__block6,500_600,4,1,7.4118,5.2831,0.01,0.025
ViT-B-16__block6,600_700,0,1,7.4102,5.2944,0.015,0.035
ViT-B-16__block6,600_700,1,1,7.4211,5.2946,0.0,0.015
ViT-B-16__block6,600_700,2,1,7.4151,5.2925,0.005,0.025
ViT-B-16__block6,600_700,3,1,7.4252,5.2907,0.01,0.035
ViT-B-16__block6,600_700,4,1,7.4187,5.2947,0.005,0.035
ViT-B-16__block6,700_800,0,1,7.4256,5.2964,0.005,0.035
ViT-B-16__block6,700_800,1,1,7.4328,5.2958,0.0,0.04
ViT-B-16__block6,700_800,2,1,7.4264,5.2907,0.01,0.03
ViT-B-16__block6,700_800,3,1,7.4396,5.2911,0.005,0.025
ViT-B-16__block6,700_800,4,1,7.4264,5.2956,0.005,0.03
ViT-B-16__block6__fov,baseline,0,1,7.4257,5.3051,0.015,0.025
ViT-B-16__block6__fov,baseline,1,1,7.4266,5.3038,0.005,0.02
ViT-B-16__block6__fov,baseline,2,1,7.4246,5.3047,0.005,0.02
ViT-B-16__block6__fov,baseline,3,1,7.4246,5.3054,0.005,0.035
ViT-B-16__block6__fov,baseline,4,1,7.4236,5.3043,0.005,0.025
ViT-B-16__block6__fov,0_100,0,5,6.8936,4.0914,0.06,0.23
ViT-B-16__block6__fov,0_100,1,5,6.8978,4.1062,0.04,0.21
ViT-B-16__block6__fov,0_100,2,5,6.9212,4.0632,0.075,0.265
ViT-B-16__block6__fov,0_100,3,4,6.8922,4.1126,0.055,0.23
ViT-B-16__block6__fov,0_100,4,4,6.9543,4.1121,0.055,0.215
ViT-B-16__block6__fov,100_200,0,5,6.2323,3.2986,0.225,0.53
ViT-B-16__block6__fov,100_200,1,5,6.2884,3.3127,0.24,0.52
ViT-B-16__block6__fov,100_200,2,5,6.2448,3.2994,0.235,0.53
ViT-B-16__block6__fov,100_200,3,5,6.2545,3.319,0.2,0.515
ViT-B-16__block6__fov,100_200,4,4,6.2613,3.3632,0.205,0.54
ViT-B-16__block6__fov,200_300,0,5,6.3944,3.4932,0.2,0.44
ViT-B-16__block6__fov,200_300,1,6,6.4313,3.4459,0.2,0.495
ViT-B-16__block6__fov,200_300,2,5,6.4169,3.4642,0.18,0.465
ViT-B-16__block6__fov,200_300,3,5,6.4141,3.49,0.185,0.495
ViT-B-16__block6__fov,200_300,4,4,6.4465,3.4923,0.19,0.48
ViT-B-16__block6__fov,300_400,0,4,7.0265,4.133,0.09,0.285
ViT-B-16__block6__fov,300_400,1,4,7.0417,4.119,0.08,0.33
ViT-B-16__block6__fov,300_400,2,3,7.0124,4.1594,0.055,0.29
ViT-B-16__block6__fov,300_400,3,3,7.0434,4.1277,0.055,0.32
ViT-B-16__block6__fov,300_400,4,4,7.0323,4.1153,0.065,0.295
ViT-B-16__block6__fov,400_500,0,1,7.3508,5.2182,0.01,0.045
ViT-B-16__block6__fov,400_500,1,1,7.3511,5.219,0.015,0.05
ViT-B-16__block6__fov,400_500,2,1,7.3544,5.2221,0.015,0.055
ViT-B-16__block6__fov,400_500,3,1,7.3631,5.2139,0.01,0.055
ViT-B-16__block6__fov,400_500,4,1,7.3445,5.2175,0.015,0.05
ViT-B-16__block6__fov,500_600,0,1,7.4064,5.2849,0.005,0.03
ViT-B-16__block6__fov,500_600,1,1,7.4112,5.2868,0.005,0.03
ViT-B-16__block6__fov,500_600,2,1,7.4094,5.2823,0.01,0.025
ViT-B-16__block6__fov,500_600,3,1,7.4089,5.2841,0.01,0.035
ViT-B-16__block6__fov,500_600,4,1,7.41,5.2875,0.01,0.035
ViT-B-16__block6__fov,600_700,0,1,7.4123,5.2977,0.005,0.04
ViT-B-16__block6__fov,600_700,1,1,7.4195,5.2957,0.005,0.04
ViT-B-16__block6__fov,600_700,2,1,7.4117,5.2951,0.01,0.03
ViT-B-16__block6__fov,600_700,3,1,7.4236,5.292,0.015,0.025
ViT-B-16__block6__fov,600_700,4,1,7.4162,5.2976,0.01,0.035
ViT-B-16__block6__fov,700_800,0,1,7.425,5.3032,0.005,0.03
ViT-B-16__block6__fov,700_800,1,1,7.4301,5.2999,0.01,0.025
ViT-B-16__block6__fov,700_800,2,1,7.4273,5.2954,0.0,0.025
ViT-B-16__block6__fov,700_800,3,1,7.4341,5.2947,0.01,0.02
ViT-B-16__block6__fov,700_800,4,1,7.4301,5.2985,0.01,0.03
ViT-B-16__block8,baseline,0,1,7.4254,5.3105,0.005,0.025
ViT-B-16__block8,baseline,1,1,7.4321,5.3107,0.005,0.015
ViT-B-16__block8,baseline,2,1,7.4295,5.3086,0.0,0.025
ViT-B-16__block8,baseline,3,1,7.4296,5.3116,0.005,0.02
ViT-B-16__block8,baseline,4,1,7.4237,5.3067,0.005,0.025
ViT-B-16__block8,0_100,0,5,7.0461,4.4146,0.05,0.16
ViT-B-16__block8,0_100,1,4,7.0351,4.3911,0.03,0.14
ViT-B-16__block8,0_100,2,5,7.0529,4.3738,0.055,0.195
ViT-B-16__block8,0_100,3,4,7.0315,4.3943,0.045,0.175
ViT-B-16__block8,0_100,4,4,7.0559,4.4284,0.045,0.205
ViT-B-16__block8,100_200,0,5,6.4602,3.7162,0.18,0.4
ViT-B-16__block8,100_200,1,4,6.4592,3.7208,0.165,0.375
ViT-B-16__block8,100_200,2,5,6.452,3.6968,0.185,0.405
ViT-B-16__block8,100_200,3,5,6.4642,3.6797,0.155,0.395
ViT-B-16__block8,100_200,4,4,6.4665,3.7316,0.14,0.385
ViT-B-16__block8,200_300,0,5,6.5452,3.7543,0.145,0.4
ViT-B-16__block8,200_300,1,4,6.5459,3.7914,0.13,0.44
ViT-B-16__block8,200_300,2,5,6.5709,3.7734,0.13,0.385
ViT-B-16__block8,200_300,3,5,6.5546,3.7765,0.125,0.365
ViT-B-16__block8,200_300,4,4,6.5968,3.7659,0.125,0.405
ViT-B-16__block8,300_400,0,3,7.0444,4.2347,0.045,0.265
ViT-B-16__block8,300_400,1,4,7.0283,4.2113,0.09,0.26
ViT-B-16__block8,300_400,2,3,7.0264,4.2277,0.075,0.26
ViT-B-16__block8,300_400,3,4,7.0357,4.2127,0.085,0.285
ViT-B-16__block8,300_400,4,3,7.038,4.189,0.07,0.285
ViT-B-16__block8,400_500,0,1,7.3587,5.2182,0.005,0.045
ViT-B-16__block8,400_500,1,1,7.3571,5.2214,0.005,0.055
ViT-B-16__block8,400_500,2,3,7.3448,4.9458,0.025,0.1
ViT-B-16__block8,400_500,3,1,7.3661,5.2163,0.0,0.05
ViT-B-16__block8,400_500,4,1,7.3592,5.2221,0.01,0.04
ViT-B-16__block8,500_600,0,1,7.421,5.2866,0.005,0.035
ViT-B-16__block8,500_600,1,1,7.4142,5.2938,0.01,0.04
ViT-B-16__block8,500_600,2,1,7.411,5.2838,0.005,0.025
ViT-B-16__block8,500_600,3,1,7.4148,5.2836,0.01,0.03
ViT-B-16__block8,500_600,4,1,7.4209,5.281,0.005,0.035
ViT-B-16__block8,600_700,0,1,7.4212,5.301,0.005,0.02
ViT-B-16__block8,600_700,1,1,7.4229,5.3003,0.0,0.01
ViT-B-16__block8,600_700,2,1,7.417,5.3007,0.005,0.02
ViT-B-16__block8,600_700,3,1,7.4281,5.2977,0.005,0.035
ViT-B-16__block8,600_700,4,1,7.43,5.2976,0.0,0.02
ViT-B-16__block8,700_800,0,1,7.4342,5.3063,0.015,0.025
ViT-B-16__block8,700_800,1,1,7.433,5.3054,0.005,0.025
ViT-B-16__block8,700_800,2,1,7.4306,5.298,0.005,0.03
ViT-B-16__block8,700_800,3,1,7.4359,5.3017,0.005,0.015
ViT-B-16__block8,700_800,4,1,7.4322,5.2983,0.005,0.035
ViT-B-16__block8__fov,baseline,0,1,7.426,5.3072,0.0,0.025
ViT-B-16__block8__fov,baseline,1,1,7.4336,5.3075,0.0,0.02
ViT-B-16__block8__fov,baseline,2,1,7.4282,5.3065,0.0,0.02
ViT-B-16__block8__fov,baseline,3,1,7.4316,5.3083,0.005,0.025
ViT-B-16__block8__fov,baseline,4,1,7.423,5.3081,0.01,0.025
ViT-B-16__block8__fov,0_100,0,5,7.0006,4.3416,0.06,0.185
ViT-B-16__block8__fov,0_100,1,5,7.023,4.3658,0.05,0.16
ViT-B-16__block8__fov,0_100,2,4,7.0316,4.3584,0.07,0.195
ViT-B-16__block8__fov,0_100,3,4,7.027,4.3439,0.065,0.175
ViT-B-16__block8__fov,0_100,4,4,7.0406,4.379,0.07,0.165
ViT-B-16__block8__fov,100_200,0,4,6.3853,3.6383,0.17,0.42
ViT-B-16__block8__fov,100_200,1,4,6.4213,3.6587,0.14,0.405
ViT-B-16__block8__fov,100_200,2,5,6.3923,3.5912,0.15,0.395
ViT-B-16__block8__fov,100_200,3,5,6.4091,3.5955,0.12,0.425
ViT-B-16__block8__fov,100_200,4,4,6.4047,3.66,0.14,0.395
ViT-B-16__block8__fov,200_300,0,5,6.4945,3.6673,0.13,0.435
ViT-B-16__block8__fov,200_300,1,4,6.5271,3.707,0.125,0.43
ViT-B-16__block8__fov,200_300,2,5,6.5319,3.6695,0.12,0.395
ViT-B-16__block8__fov,200_300,3,5,6.5191,3.6923,0.135,0.425
ViT-B-16__block8__fov,200_300,4,4,6.554,3.6809,0.13,0.43
ViT-B-16__block8__fov,300_400,0,3,7.0261,4.1926,0.08,0.29
ViT-B-16__block8__fov,300_400,1,4,7.0297,4.1815,0.09,0.275
ViT-B-16__block8__fov,300_400,2,4,7.0019,4.1776,0.095,0.28
ViT-B-16__block8__fov,300_400,3,3,7.0245,4.1815,0.09,0.275
ViT-B-16__block8__fov,300_400,4,4,7.0251,4.1949,0.075,0.28
ViT-B-16__block8__fov,400_500,0,2,7.3543,4.9466,0.025,0.1
ViT-B-16__block8__fov,400_500,1,1,7.3463,5.2134,0.015,0.075
ViT-B-16__block8__fov,400_500,2,3,7.3505,4.912,0.04,0.1
ViT-B-16__block8__fov,400_500,3,1,7.3572,5.2057,0.0,0.04
ViT-B-16__block8__fov,400_500,4,1,7.3507,5.2124,0.015,0.045
ViT-B-16__block8__fov,500_600,0,1,7.4157,5.2842,0.005,0.035
ViT-B-16__block8__fov,500_600,1,1,7.4059,5.2866,0.005,0.025
ViT-B-16__block8__fov,500_600,2,1,7.412,5.2813,0.005,0.035
ViT-B-16__block8__fov,500_600,3,1,7.4162,5.282,0.01,0.025
ViT-B-16__block8__fov,500_600,4,1,7.4099,5.2807,0.005,0.02
ViT-B-16__block8__fov,600_700,0,1,7.4211,5.3006,0.005,0.02
ViT-B-16__block8__fov,600_700,1,1,7.4204,5.2988,0.005,0.03
ViT-B-16__block8__fov,600_700,2,1,7.4162,5.2998,0.015,0.03
ViT-B-16__block8__fov,600_700,3,1,7.4321,5.2968,0.005,0.015
ViT-B-16__block8__fov,600_700,4,1,7.4261,5.298,0.01,0.025
ViT-B-16__block8__fov,700_800,0,1,7.431,5.3026,0.005,0.025
ViT-B-16__block8__fov,700_800,1,1,7.4318,5.3055,0.0,0.025
ViT-B-16__block8__fov,700_800,2,1,7.4295,5.301,0.005,0.025
ViT-B-16__block8__fov,700_800,3,1,7.4427,5.3009,0.005,0.015
ViT-B-16__block8__fov,700_800,4,1,7.4285,5.2979,0.005,0.02
ViT-L-14__block12,baseline,0,1,7.4305,5.3121,0.005,0.03
ViT-L-14__block12,baseline,1,1,7.4294,5.3116,0.005,0.025
ViT-L-14__block12,baseline,2,1,7.4352,5.3132,0.005,0.02
ViT-L-14__block12,baseline,3,1,7.4322,5.3142,0.005,0.02
ViT-L-14__block12,baseline,4,1,7.431,5.3106,0.005,0.02
ViT-L-14__block12,0_100,0,5,7.0016,4.3614,0.055,0.215
ViT-L-14__block12,0_100,1,4,7.0058,4.368,0.06,0.185
ViT-L-14__block12,0_100,2,5,7.026,4.3435,0.055,0.205
ViT-L-14__block12,0_100,3,4,7.0298,4.3417,0.055,0.18
ViT-L-14__block12,0_100,4,4,7.0289,4.3698,0.035,0.205
ViT-L-14__block12,100_200,0,5,6.4481,3.7414,0.15,0.395
ViT-L-14__block12,100_200,1,5,6.4914,3.725,0.17,0.395
ViT-L-14__block12,100_200,2,5,6.4729,3.7505,0.14,0.345
ViT-L-14__block12,100_200,3,5,6.5063,3.7226,0.17,0.37
ViT-L-14__block12,100_200,4,4,6.4757,3.7561,0.15,0.395
ViT-L-14__block12,200_300,0,5,6.5824,3.8204,0.115,0.405
ViT-L-14__block12,200_300,1,5,6.608,3.8369,0.14,0.38
ViT-L-14__block12,200_300,2,5,6.6277,3.8215,0.11,0.39
ViT-L-14__block12,200_300,3,5,6.5931,3.831,0.115,0.4
ViT-L-14__block12,200_300,4,5,6.638,3.824,0.12,0.39
ViT-L-14__block12,300_400,0,3,7.1038,4.3427,0.07,0.245
ViT-L-14__block12,300_400,1,3,7.1027,4.3026,0.07,0.255
ViT-L-14__block12,300_400,2,4,7.1028,4.3232,0.085,0.27
ViT-L-14__block12,300_400,3,3,7.0801,4.3674,0.045,0.23
ViT-L-14__block12,300_400,4,3,7.1082,4.3137,0.07,0.245
ViT-L-14__block12,400_500,0,1,7.3837,5.2432,0.02,0.04
ViT-L-14__block12,400_500,1,1,7.3762,5.2444,0.01,0.045
ViT-L-14__block12,400_500,2,1,7.3677,5.2371,0.005,0.05
ViT-L-14__block12,400_500,3,1,7.3793,5.2414,0.0,0.04
ViT-L-14__block12,400_500,4,1,7.3714,5.2436,0.005,0.04
ViT-L-14__block12,500_600,0,1,7.4206,5.2921,0.005,0.03
ViT-L-14__block12,500_600,1,1,7.4211,5.3001,0.005,0.025
ViT-L-14__block12,500_600,2,1,7.4217,5.2948,0.01,0.03
ViT-L-14__block12,500_600,3,1,7.4185,5.2943,0.005,0.03
ViT-L-14__block12,500_600,4,1,7.4219,5.2926,0.015,0.035
ViT-L-14__block12,600_700,0,1,7.4243,5.3031,0.005,0.02
ViT-L-14__block12,600_700,1,1,7.4298,5.3082,0.0,0.03
ViT-L-14__block12,600_700,2,1,7.4243,5.3035,0.005,0.025
ViT-L-14__block12,600_700,3,1,7.4309,5.3023,0.01,0.035
ViT-L-14__block12,600_700,4,1,7.4308,5.302,0.005,0.02
ViT-L-14__block12,700_800,0,1,7.4363,5.3063,0.005,0.02
ViT-L-14__block12,700_800,1,1,7.4354,5.3075,0.005,0.03
ViT-L-14__block12,700_800,2,1,7.4339,5.3038,0.01,0.035
ViT-L-14__block12,700_800,3,1,7.4456,5.306,0.005,0.035
ViT-L-14__block12,700_800,4,1,7.4405,5.2999,0.005,0.025
ViT-L-14__block12__fov,baseline,0,1,7.43,5.311,0.01,0.02
ViT-L-14__block12__fov,baseline,1,1,7.4317,5.312,0.01,0.02
ViT-L-14__block12__fov,baseline,2,1,7.4315,5.3095,0.005,0.025
ViT-L-14__block12__fov,baseline,3,1,7.4328,5.3113,0.005,0.025
ViT-L-14__block12__fov,baseline,4,1,7.429,5.3086,0.005,0.02
ViT-L-14__block12__fov,0_100,0,5,6.9814,4.3039,0.06,0.205
ViT-L-14__block12__fov,0_100,1,4,6.9832,4.3332,0.03,0.2
ViT-L-14__block12__fov,0_100,2,5,6.9739,4.277,0.065,0.205
ViT-L-14__block12__fov,0_100,3,4,6.9964,4.2864,0.055,0.215
ViT-L-14__block12__fov,0_100,4,4,7.0011,4.3032,0.035,0.215
ViT-L-14__block12__fov,100_200,0,5,6.3885,3.6357,0.19,0.45
ViT-L-14__block12__fov,100_200,1,5,6.4398,3.6524,0.18,0.42
ViT-L-14__block12__fov,100_200,2,5,6.4063,3.6274,0.155,0.425
ViT-L-14__block12__fov,100_200,3,5,6.4505,3.6107,0.2,0.445
ViT-L-14__block12__fov,100_200,4,4,6.4088,3.6495,0.165,0.43
ViT-L-14__block12__fov,200_300,0,5,6.5201,3.7237,0.185,0.415
ViT-L-14__block12__fov,200_300,1,4,6.5744,3.7403,0.18,0.425
ViT-L-14__block12__fov,200_300,2,5,6.5701,3.6844,0.14,0.395
ViT-L-14__block12__fov,200_300,3,5,6.5347,3.7283,0.13,0.415
ViT-L-14__block12__fov,200_300,4,4,6.5873,3.7304,0.175,0.42
ViT-L-14__block12__fov,300_400,0,4,7.0808,4.27,0.065,0.275
ViT-L-14__block12__fov,300_400,1,3,7.1009,4.2139,0.085,0.28
ViT-L-14__block12__fov,300_400,2,4,7.0712,4.2589,0.07,0.27
ViT-L-14__block12__fov,300_400,3,3,7.0797,4.288,0.07,0.25
ViT-L-14__block12__fov,300_400,4,3,7.0889,4.2271,0.085,0.315
ViT-L-14__block12__fov,400_500,0,1,7.3806,5.2338,0.01,0.045
ViT-L-14__block12__fov,400_500,1,1,7.3804,5.2345,0.01,0.03
ViT-L-14__block12__fov,400_500,2,1,7.3712,5.233,0.005,0.035
ViT-L-14__block12__fov,400_500,3,1,7.3835,5.2267,0.01,0.04
ViT-L-14__block12__fov,400_500,4,1,7.3681,5.2349,0.01,0.035
ViT-L-14__block12__fov,500_600,0,1,7.4273,5.2864,0.0,0.03
ViT-L-14__block12__fov,500_600,1,1,7.4299,5.295,0.005,0.025
ViT-L-14__block12__fov,500_600,2,1,7.4257,5.2908,0.0,0.01
ViT-L-14__block12__fov,500_600,3,1,7.4243,5.2942,0.005,0.015
ViT-L-14__block12__fov,500_600,4,1,7.4246,5.2885,0.005,0.03
ViT-L-14__block12__fov,600_700,0,1,7.4273,5.2997,0.005,0.025
ViT-L-14__block12__fov,600_700,1,1,7.4273,5.303,0.005,0.025
ViT-L-14__block12__fov,600_700,2,1,7.4254,5.304,0.005,0.02
ViT-L-14__block12__fov,600_700,3,1,7.4329,5.2996,0.01,0.03
ViT-L-14__block12__fov,600_700,4,1,7.4323,5.2995,0.005,0.035
ViT-L-14__block12__fov,700_800,0,1,7.4418,5.3025,0.005,0.02
ViT-L-14__block12__fov,700_800,1,1,7.4405,5.3032,0.005,0.02
ViT-L-14__block12__fov,700_800,2,1,7.4409,5.3016,0.0,0.03
ViT-L-14__block12__fov,700_800,3,1,7.4453,5.3002,0.0,0.025
ViT-L-14__block12__fov,700_800,4,1,7.4403,5.2982,0.01,0.03
ViT-L-14__block16,baseline,0,1,7.4365,5.3162,0.005,0.025
ViT-L-14__block16,baseline,1,1,7.4344,5.3105,0.005,0.02
ViT-L-14__block16,baseline,2,1,7.4372,5.3127,0.005,0.035
ViT-L-14__block16,baseline,3,1,7.437,5.3144,0.005,0.025
ViT-L-14__block16,baseline,4,1,7.4325,5.3176,0.0,0.03
ViT-L-14__block16,0_100,0,5,7.0745,4.4888,0.055,0.15
ViT-L-14__block16,0_100,1,4,7.0467,4.4998,0.045,0.13
ViT-L-14__block16,0_100,2,5,7.0523,4.4529,0.045,0.18
ViT-L-14__block16,0_100,3,4,7.0787,4.4687,0.04,0.155
ViT-L-14__block16,0_100,4,4,7.0681,4.4897,0.05,0.16
ViT-L-14__block16,100_200,0,5,6.5,3.8491,0.135,0.36
ViT-L-14__block16,100_200,1,4,6.55,3.8847,0.14,0.325
ViT-L-14__block16,100_200,2,5,6.5142,3.8608,0.145,0.35
ViT-L-14__block16,100_200,3,5,6.5376,3.8148,0.16,0.36
ViT-L-14__block16,100_200,4,4,6.515,3.858,0.135,0.33
ViT-L-14__block16,200_300,0,5,6.5796,3.8313,0.105,0.39
ViT-L-14__block16,200_300,1,4,6.5978,3.8572,0.12,0.39
ViT-L-14__block16,200_300,2,5,6.6071,3.8208,0.1,0.4
ViT-L-14__block16,200_300,3,4,6.5901,3.8653,0.095,0.365
ViT-L-14__block16,200_300,4,5,6.6099,3.7913,0.145,0.385
ViT-L-14__block16,300_400,0,3,7.0486,4.2525,0.065,0.265
ViT-L-14__block16,300_400,1,4,7.0419,4.2345,0.05,0.27
ViT-L-14__block16,300_400,2,3,7.0452,4.2224,0.075,0.31
ViT-L-14__block16,300_400,3,4,7.0304,4.2243,0.055,0.275
ViT-L-14__block16,300_400,4,3,7.0354,4.1904,0.085,0.29
ViT-L-14__block16,400_500,0,1,7.3747,5.2223,0.005,0.04
ViT-L-14__block16,400_500,1,1,7.3629,5.2194,0.01,0.05
ViT-L-14__block16,400_500,2,1,7.3644,5.224,0.015,0.045
ViT-L-14__block16,400_500,3,1,7.3718,5.2176,0.025,0.055
ViT-L-14__block16,400_500,4,1,7.3589,5.2276,0.01,0.05
ViT-L-14__block16,500_600,0,1,7.4268,5.2892,0.01,0.04
ViT-L-14__block16,500_600,1,1,7.4209,5.2837,0.005,0.03
ViT-L-14__block16,500_600,2,1,7.4205,5.291,0.005,0.04
ViT-L-14__block16,500_600,3,1,7.4379,5.288,0.005,0.035
ViT-L-14__block16,500_600,4,1,7.421,5.2846,0.005,0.025
ViT-L-14__block16,600_700,0,1,7.4348,5.3033,0.005,0.025
ViT-L-14__block16,600_700,1,1,7.4312,5.2994,0.0,0.035
ViT-L-14__block16,600_700,2,1,7.423,5.2989,0.005,0.02
ViT-L-14__block16,600_700,3,1,7.4424,5.2998,0.005,0.025
ViT-L-14__block16,600_700,4,1,7.4285,5.3008,0.0,0.025
ViT-L-14__block16,700_800,0,1,7.4506,5.3097,0.01,0.03
ViT-L-14__block16,700_800,1,1,7.4403,5.3009,0.01,0.03
ViT-L-14__block16,700_800,2,1,7.438,5.3025,0.005,0.02
ViT-L-14__block16,700_800,3,1,7.4515,5.304,0.005,0.03
ViT-L-14__block16,700_800,4,1,7.4424,5.3045,0.005,0.02
ViT-L-14__block16__fov,baseline,0,1,7.4349,5.3162,0.005,0.025
ViT-L-14__block16__fov,baseline,1,1,7.4337,5.3138,0.005,0.025
ViT-L-14__block16__fov,baseline,2,1,7.4337,5.312,0.005,0.035
ViT-L-14__block16__fov,baseline,3,1,7.4341,5.3103,0.005,0.04
ViT-L-14__block16__fov,baseline,4,1,7.4348,5.309,0.005,0.025
ViT-L-14__block16__fov,0_100,0,5,7.0435,4.4326,0.075,0.18
ViT-L-14__block16__fov,0_100,1,4,7.0248,4.4469,0.04,0.175
ViT-L-14__block16__fov,0_100,2,5,7.0212,4.3997,0.03,0.205
ViT-L-14__block16__fov,0_100,3,3,7.0688,4.4492,0.06,0.175
ViT-L-14__block16__fov,0_100,4,4,7.0486,4.4115,0.05,0.2
ViT-L-14__block16__fov,100_200,0,5,6.4398,3.7693,0.15,0.37
ViT-L-14__block16__fov,100_200,1,5,6.5047,3.7551,0.14,0.385
ViT-L-14__block16__fov,100_200,2,5,6.4539,3.7772,0.155,0.395
ViT-L-14__block16__fov,100_200,3,5,6.5131,3.753,0.12,0.395
ViT-L-14__block16__fov,100_200,4,4,6.4612,3.7842,0.16,0.385
ViT-L-14__block16__fov,200_300,0,5,6.5201,3.7494,0.135,0.395
ViT-L-14__block16__fov,200_300,1,4,6.5639,3.7756,0.115,0.42
ViT-L-14__block16__fov,200_300,2,5,6.5515,3.7542,0.125,0.405
ViT-L-14__block16__fov,200_300,3,5,6.5579,3.7719,0.13,0.375
ViT-L-14__block16__fov,200_300,4,5,6.5817,3.7225,0.15,0.43
ViT-L-14__block16__fov,300_400,0,3,7.036,4.2051,0.08,0.285
ViT-L-14__block16__fov,300_400,1,4,7.014,4.2116,0.085,0.285
ViT-L-14__block16__fov,300_400,2,3,7.0225,4.1879,0.08,0.29
ViT-L-14__block16__fov,300_400,3,4,7.027,4.1803,0.075,0.285
ViT-L-14__block16__fov,300_400,4,4,7.0227,4.1858,0.065,0.255
ViT-L-14__block16__fov,400_500,0,1,7.3658,5.2155,0.015,0.04
ViT-L-14__block16__fov,400_500,1,1,7.3616,5.2163,0.015,0.05
ViT-L-14__block16__fov,400_500,2,2,7.3635,4.9795,0.02,0.07
ViT-L-14__block16__fov,400_500,3,1,7.372,5.2123,0.01,0.06
ViT-L-14__block16__fov,400_500,4,1,7.3545,5.2237,0.005,0.06
ViT-L-14__block16__fov,500_600,0,1,7.4301,5.2907,0.005,0.02
ViT-L-14__block16__fov,500_600,1,1,7.4195,5.2922,0.01,0.03
ViT-L-14__block16__fov,500_600,2,1,7.4209,5.2892,0.005,0.025
ViT-L-14__block16__fov,500_600,3,1,7.4315,5.2929,0.005,0.025
ViT-L-14__block16__fov,500_600,4,1,7.4225,5.2901,0.005,0.025
ViT-L-14__block16__fov,600_700,0,1,7.4328,5.3079,0.0,0.02
ViT-L-14__block16__fov,600_700,1,1,7.4282,5.3034,0.005,0.01
ViT-L-14__block16__fov,600_700,2,1,7.4255,5.2993,0.01,0.015
ViT-L-14__block16__fov,600_700,3,1,7.4389,5.3022,0.015,0.03
ViT-L-14__block16__fov,600_700,4,1,7.4321,5.3038,0.005,0.025
ViT-L-14__block16__fov,700_800,0,1,7.4464,5.3097,0.01,0.025
ViT-L-14__block16__fov,700_800,1,1,7.4415,5.3083,0.005,0.02
ViT-L-14__block16__fov,700_800,2,1,7.4407,5.2971,0.005,0.04
ViT-L-14__block16__fov,700_800,3,1,7.4467,5.3009,0.005,0.03
ViT-L-14__block16__fov,700_800,4,1,7.4424,5.3048,0.01,0.03
ViT-L-14__block20,baseline,0,1,7.4429,5.3221,0.005,0.035
ViT-L-14__block20,baseline,1,1,7.4428,5.3243,0.005,0.02
ViT-L-14__block20,baseline,2,1,7.4494,5.3228,0.01,0.035
ViT-L-14__block20,baseline,3,1,7.4463,5.3279,0.005,0.025
ViT-L-14__block20,baseline,4,1,7.4391,5.3272,0.005,0.025
ViT-L-14__block20,0_100,0,3,7.164,4.6995,0.015,0.11
ViT-L-14__block20,0_100,1,4,7.1593,4.7205,0.015,0.115
ViT-L-14__block20,0_100,2,4,7.1404,4.6658,0.025,0.12
ViT-L-14__block20,0_100,3,3,7.1546,4.7157,0.02,0.125
ViT-L-14__block20,0_100,4,4,7.1633,4.6989,0.025,0.125
ViT-L-14__block20,100_200,0,4,6.6123,3.9589,0.105,0.325
ViT-L-14__block20,100_200,1,4,6.6375,3.9866,0.12,0.32
ViT-L-14__block20,100_200,2,5,6.6082,3.9231,0.105,0.335
ViT-L-14__block20,100_200,3,4,6.6278,3.9771,0.11,0.305
ViT-L-14__block20,100_200,4,4,6.6378,3.9416,0.095,0.315
ViT-L-14__block20,200_300,0,4,6.6527,3.8831,0.085,0.445
ViT-L-14__block20,200_300,1,4,6.6493,3.8869,0.12,0.395
ViT-L-14__block20,200_300,2,5,6.67,3.8811,0.13,0.4
ViT-L-14__block20,200_300,3,4,6.6194,3.9177,0.095,0.385
ViT-L-14__block20,200_300,4,4,6.691,3.833,0.14,0.435
ViT-L-14__block20,300_400,0,4,7.0115,4.1789,0.075,0.31
ViT-L-14__block20,300_400,1,4,7.0024,4.1562,0.085,0.295
ViT-L-14__block20,300_400,2,4,7.0254,4.1532,0.1,0.3
ViT-L-14__block20,300_400,3,4,6.9851,4.1601,0.11,0.275
ViT-L-14__block20,300_400,4,4,7.0123,4.1595,0.08,0.295
ViT-L-14__block20,400_500,0,3,7.3621,4.8687,0.03,0.15
ViT-L-14__block20,400_500,1,2,7.3475,4.921,0.03,0.105
ViT-L-14__block20,400_500,2,4,7.3589,4.8814,0.03,0.125
ViT-L-14__block20,400_500,3,2,7.356,4.9081,0.03,0.145
ViT-L-14__block20,400_500,4,1,7.3735,5.2055,0.02,0.05
ViT-L-14__block20,500_600,0,1,7.4298,5.2873,0.015,0.045
ViT-L-14__block20,500_600,1,1,7.4393,5.2888,0.005,0.025
ViT-L-14__block20,500_600,2,1,7.4338,5.2897,0.005,0.035
ViT-L-14__block20,500_600,3,1,7.4446,5.3011,0.005,0.025
ViT-L-14__block20,500_600,4,1,7.4481,5.284,0.005,0.035
ViT-L-14__block20,600_700,0,1,7.4413,5.3099,0.005,0.03
ViT-L-14__block20,600_700,1,1,7.4411,5.308,0.005,0.025
ViT-L-14__block20,600_700,2,1,7.44,5.3098,0.005,0.035
ViT-L-14__block20,600_700,3,1,7.4465,5.314,0.005,0.03
ViT-L-14__block20,600_700,4,1,7.4558,5.3061,0.005,0.03
ViT-L-14__block20,700_800,0,1,7.4582,5.3097,0.005,0.035
ViT-L-14__block20,700_800,1,1,7.4526,5.3062,0.0,0.02
ViT-L-14__block20,700_800,2,1,7.4586,5.307,0.0,0.02
ViT-L-14__block20,700_800,3,1,7.4588,5.3109,0.0,0.03
ViT-L-14__block20,700_800,4,1,7.4618,5.3074,0.005,0.04
ViT-L-14__block20__fov,baseline,0,1,7.4359,5.3228,0.015,0.03
ViT-L-14__block20__fov,baseline,1,1,7.445,5.3243,0.005,0.02
ViT-L-14__block20__fov,baseline,2,1,7.4453,5.323,0.005,0.03
ViT-L-14__block20__fov,baseline,3,1,7.4404,5.3261,0.01,0.025
ViT-L-14__block20__fov,baseline,4,1,7.4443,5.3212,0.005,0.025
ViT-L-14__block20__fov,0_100,0,3,7.1678,4.6688,0.03,0.165
ViT-L-14__block20__fov,0_100,1,4,7.152,4.6721,0.02,0.135
ViT-L-14__block20__fov,0_100,2,5,7.1221,4.6651,0.035,0.125
ViT-L-14__block20__fov,0_100,3,3,7.1517,4.6925,0.025,0.135
ViT-L-14__block20__fov,0_100,4,4,7.1647,4.6903,0.04,0.16
ViT-L-14__block20__fov,100_200,0,4,6.5846,3.9286,0.12,0.34
ViT-L-14__block20__fov,100_200,1,4,6.6114,3.9679,0.105,0.325
ViT-L-14__block20__fov,100_200,2,5,6.5887,3.909,0.11,0.3
ViT-L-14__block20__fov,100_200,3,5,6.5974,3.8871,0.125,0.34
ViT-L-14__block20__fov,100_200,4,4,6.6141,3.9241,0.12,0.315
ViT-L-14__block20__fov,200_300,0,4,6.6226,3.8284,0.105,0.42
ViT-L-14__block20__fov,200_300,1,4,6.6359,3.8569,0.115,0.385
ViT-L-14__block20__fov,200_300,2,5,6.6597,3.8476,0.125,0.375
ViT-L-14__block20__fov,200_300,3,6,6.6018,3.859,0.105,0.39
ViT-L-14__block20__fov,200_300,4,4,6.6893,3.816,0.1,0.39
ViT-L-14__block20__fov,300_400,0,4,6.988,4.1727,0.09,0.27
ViT-L-14__block20__fov,300_400,1,4,6.9949,4.1573,0.1,0.31
ViT-L-14__block20__fov,300_400,2,4,7.0054,4.176,0.095,0.275
ViT-L-14__block20__fov,300_400,3,4,6.9823,4.1521,0.085,0.28
ViT-L-14__block20__fov,300_400,4,4,6.9887,4.1408,0.09,0.29
ViT-L-14__block20__fov,400_500,0,3,7.3506,4.87,0.03,0.16
ViT-L-14__block20__fov,400_500,1,3,7.3417,4.8514,0.035,0.095
ViT-L-14__block20__fov,400_500,2,4,7.3589,4.886,0.025,0.085
ViT-L-14__block20__fov,400_500,3,2,7.3555,4.8907,0.02,0.12
ViT-L-14__block20__fov,400_500,4,1,7.3633,5.2086,0.03,0.065
ViT-L-14__block20__fov,500_600,0,1,7.4356,5.2891,0.01,0.025
ViT-L-14__block20__fov,500_600,1,1,7.4272,5.2929,0.01,0.035
ViT-L-14__block20__fov,500_600,2,1,7.4267,5.2946,0.01,0.035
ViT-L-14__block20__fov,500_600,3,1,7.4408,5.2954,0.01,0.035
ViT-L-14__block20__fov,500_600,4,1,7.4382,5.2858,0.005,0.04
ViT-L-14__block20__fov,600_700,0,1,7.4391,5.3084,0.005,0.025
ViT-L-14__block20__fov,600_700,1,1,7.4407,5.3118,0.005,0.025
ViT-L-14__block20__fov,600_700,2,1,7.4293,5.3056,0.005,0.03
ViT-L-14__block20__fov,600_700,3,1,7.4426,5.3057,0.01,0.035
ViT-L-14__block20__fov,600_700,4,1,7.4427,5.3092,0.005,0.02
ViT-L-14__block20__fov,700_800,0,1,7.4661,5.3113,0.0,0.03
ViT-L-14__block20__fov,700_800,1,1,7.4509,5.3153,0.005,0.04
ViT-L-14__block20__fov,700_800,2,1,7.4496,5.3142,0.01,0.025
ViT-L-14__block20__fov,700_800,3,1,7.4604,5.3121,0.005,0.025
ViT-L-14__block20__fov,700_800,4,1,7.4547,5.3153,0.0,0.025
ViT-L-14__block24,baseline,0,1,7.4583,5.329,0.005,0.03
ViT-L-14__block24,baseline,1,1,7.4527,5.3297,0.005,0.025
ViT-L-14__block24,baseline,2,1,7.4549,5.3231,0.005,0.025
ViT-L-14__block24,baseline,3,1,7.4547,5.3366,0.005,0.035
ViT-L-14__block24,baseline,4,1,7.4457,5.3283,0.005,0.02
ViT-L-14__block24,0_100,0,3,7.2972,4.9219,0.02,0.08
ViT-L-14__block24,0_100,1,4,7.2736,4.9249,0.02,0.075
ViT-L-14__block24,0_100,2,4,7.2554,4.9053,0.02,0.085
ViT-L-14__block24,0_100,3,3,7.2638,4.9146,0.03,0.11
ViT-L-14__block24,0_100,4,4,7.2652,4.9066,0.02,0.1
ViT-L-14__block24,100_200,0,4,6.8109,4.2487,0.07,0.28
ViT-L-14__block24,100_200,1,4,6.8436,4.2803,0.07,0.25
ViT-L-14__block24,100_200,2,5,6.8046,4.2337,0.07,0.295
ViT-L-14__block24,100_200,3,4,6.7997,4.2531,0.085,0.295
ViT-L-14__block24,100_200,4,4,6.8335,4.2463,0.085,0.25
ViT-L-14__block24,200_300,0,4,6.8228,4.1775,0.12,0.285
ViT-L-14__block24,200_300,1,4,6.8381,4.1707,0.1,0.3
ViT-L-14__block24,200_300,2,5,6.816,4.1629,0.105,0.31
ViT-L-14__block24,200_300,3,5,6.8089,4.2167,0.085,0.275
ViT-L-14__block24,200_300,4,4,6.8528,4.1449,0.11,0.32
ViT-L-14__block24,300_400,0,4,7.0985,4.3848,0.09,0.215
ViT-L-14__block24,300_400,1,4,7.0921,4.3851,0.045,0.26
ViT-L-14__block24,300_400,2,4,7.1035,4.381,0.06,0.25
ViT-L-14__block24,300_400,3,4,7.0901,4.401,0.055,0.23
ViT-L-14__block24,300_400,4,4,7.0866,4.3836,0.08,0.245
ViT-L-14__block24,400_500,0,3,7.3903,4.9377,0.035,0.11
ViT-L-14__block24,400_500,1,3,7.3742,4.8998,0.03,0.105
ViT-L-14__block24,400_500,2,4,7.3699,4.966,0.025,0.09
ViT-L-14__block24,400_500,3,2,7.3919,4.9843,0.02,0.09
ViT-L-14__block24,400_500,4,1,7.388,5.2346,0.015,0.05
ViT-L-14__block24,500_600,0,1,7.4515,5.299,0.005,0.03
ViT-L-14__block24,500_600,1,1,7.4443,5.3042,0.01,0.035
ViT-L-14__block24,500_600,2,1,7.4395,5.3035,0.005,0.03
ViT-L-14__block24,500_600,3,1,7.4559,5.3046,0.01,0.03
ViT-L-14__block24,500_600,4,1,7.4529,5.3067,0.005,0.03
ViT-L-14__block24,600_700,0,1,7.4513,5.316,0.01,0.035
ViT-L-14__block24,600_700,1,1,7.4554,5.3136,0.005,0.025
ViT-L-14__block24,600_700,2,1,7.4441,5.3244,0.005,0.03
ViT-L-14__block24,600_700,3,1,7.4518,5.3182,0.0,0.03
ViT-L-14__block24,600_700,4,1,7.4551,5.3207,0.005,0.035
ViT-L-14__block24,700_800,0,1,7.475,5.3158,0.005,0.03
ViT-L-14__block24,700_800,1,1,7.47,5.3174,0.01,0.03
ViT-L-14__block24,700_800,2,1,7.4633,5.3283,0.005,0.015
ViT-L-14__block24,700_800,3,1,7.4749,5.3217,0.01,0.035
ViT-L-14__block24,700_800,4,1,7.4629,5.3247,0.005,0.025
ViT-L-14__block24__fov,baseline,0,1,7.4535,5.3298,0.005,0.025
ViT-L-14__block24__fov,baseline,1,1,7.4579,5.3323,0.005,0.015
ViT-L-14__block24__fov,baseline,2,1,7.4523,5.327,0.0,0.025
ViT-L-14__block24__fov,baseline,3,1,7.4599,5.3277,0.005,0.03
ViT-L-14__block24__fov,baseline,4,1,7.4427,5.3283,0.005,0.025
ViT-L-14__block24__fov,0_100,0,4,7.294,4.9067,0.02,0.105
ViT-L-14__block24__fov,0_100,1,4,7.2862,4.954,0.01,0.09
ViT-L-14__block24__fov,0_100,2,4,7.2422,4.9072,0.01,0.115
ViT-L-14__block24__fov,0_100,3,3,7.2613,4.9434,0.025,0.105
ViT-L-14__block24__fov,0_100,4,4,7.2665,4.9283,0.015,0.115
ViT-L-14__block24__fov,100_200,0,4,6.7938,4.2171,0.085,0.28
ViT-L-14__block24__fov,100_200,1,4,6.8271,4.2759,0.08,0.24
ViT-L-14__block24__fov,100_200,2,5,6.7877,4.2084,0.065,0.275
ViT-L-14__block24__fov,100_200,3,4,6.7831,4.2447,0.1,0.275
ViT-L-14__block24__fov,100_200,4,4,6.7992,4.2406,0.105,0.27
ViT-L-14__block24__fov,200_300,0,4,6.8112,4.1434,0.12,0.29
ViT-L-14__block24__fov,200_300,1,4,6.8375,4.1749,0.1,0.265
ViT-L-14__block24__fov,200_300,2,5,6.8076,4.1438,0.11,0.275
ViT-L-14__block24__fov,200_300,3,5,6.7996,4.1854,0.08,0.275
ViT-L-14__block24__fov,200_300,4,4,6.8443,4.1391,0.115,0.29
ViT-L-14__block24__fov,300_400,0,4,7.0963,4.4023,0.065,0.225
ViT-L-14__block24__fov,300_400,1,5,7.0807,4.3957,0.055,0.26
ViT-L-14__block24__fov,300_400,2,4,7.0913,4.4079,0.05,0.21
ViT-L-14__block24__fov,300_400,3,4,7.0842,4.4433,0.065,0.245
ViT-L-14__block24__fov,300_400,4,4,7.0637,4.4104,0.075,0.21
ViT-L-14__block24__fov,400_500,0,3,7.3838,4.9449,0.02,0.125
ViT-L-14__block24__fov,400_500,1,3,7.3607,4.9062,0.025,0.105
ViT-L-14__block24__fov,400_500,2,4,7.3733,4.9832,0.02,0.09
ViT-L-14__block24__fov,400_500,3,1,7.4013,5.2259,0.005,0.045
ViT-L-14__block24__fov,400_500,4,3,7.3773,4.9188,0.03,0.13
ViT-L-14__block24__fov,500_600,0,1,7.4568,5.2957,0.005,0.045
ViT-L-14__block24__fov,500_600,1,1,7.4485,5.3149,0.005,0.025
ViT-L-14__block24__fov,500_600,2,1,7.4388,5.3049,0.005,0.025
ViT-L-14__block24__fov,500_600,3,1,7.458,5.3004,0.005,0.025
ViT-L-14__block24__fov,500_600,4,1,7.4545,5.3064,0.005,0.02
ViT-L-14__block24__fov,600_700,0,1,7.4531,5.3182,0.005,0.025
ViT-L-14__block24__fov,600_700,1,1,7.4498,5.3184,0.005,0.025
ViT-L-14__block24__fov,600_700,2,1,7.4349,5.3119,0.0,0.025
ViT-L-14__block24__fov,600_700,3,1,7.4581,5.3096,0.005,0.02
ViT-L-14__block24__fov,600_700,4,1,7.4533,5.3154,0.01,0.03
ViT-L-14__block24__fov,700_800,0,1,7.4711,5.3196,0.01,0.025
ViT-L-14__block24__fov,700_800,1,1,7.4611,5.3264,0.005,0.02
ViT-L-14__block24__fov,700_800,2,1,7.4628,5.3236,0.005,0.045
ViT-L-14__block24__fov,700_800,3,1,7.4772,5.3237,0.005,0.03
ViT-L-14__block24__fov,700_800,4,1,7.4642,5.3245,0.005,0.025
ViT-L-14__block4,baseline,0,1,7.4165,5.3001,0.005,0.02
ViT-L-14__block4,baseline,1,1,7.4208,5.3009,0.005,0.025
ViT-L-14__block4,baseline,2,1,7.4201,5.3,0.005,0.025
ViT-L-14__block4,baseline,3,1,7.4195,5.2998,0.005,0.025
ViT-L-14__block4,baseline,4,1,7.4157,5.3006,0.005,0.03
ViT-L-14__block4,0_100,0,4,6.8039,4.0271,0.075,0.29
ViT-L-14__block4,0_100,1,4,6.8068,4.0093,0.085,0.26
ViT-L-14__block4,0_100,2,4,6.8122,4.0145,0.085,0.315
ViT-L-14__block4,0_100,3,4,6.8209,4.062,0.07,0.265
ViT-L-14__block4,0_100,4,4,6.816,4.0192,0.07,0.285
ViT-L-14__block4,100_200,0,5,6.3234,3.4303,0.145,0.465
ViT-L-14__block4,100_200,1,5,6.3334,3.4549,0.16,0.44
ViT-L-14__block4,100_200,2,5,6.3089,3.4433,0.13,0.415
ViT-L-14__block4,100_200,3,5,6.3655,3.4303,0.205,0.45
ViT-L-14__block4,100_200,4,4,6.2789,3.4881,0.14,0.43
ViT-L-14__block4,200_300,0,4,6.5248,3.6735,0.145,0.38
ViT-L-14__block4,200_300,1,5,6.5423,3.5809,0.14,0.415
ViT-L-14__block4,200_300,2,5,6.5382,3.5749,0.15,0.42
ViT-L-14__block4,200_300,3,5,6.5276,3.5955,0.15,0.41
ViT-L-14__block4,200_300,4,4,6.5485,3.6378,0.165,0.4
ViT-L-14__block4,300_400,0,3,7.1515,4.4072,0.065,0.2
ViT-L-14__block4,300_400,1,3,7.1465,4.3578,0.075,0.27
ViT-L-14__block4,300_400,2,3,7.1252,4.3872,0.075,0.225
ViT-L-14__block4,300_400,3,3,7.1464,4.4186,0.07,0.25
ViT-L-14__block4,300_400,4,3,7.1568,4.3811,0.08,0.245
ViT-L-14__block4,400_500,0,1,7.3648,5.2247,0.005,0.04
ViT-L-14__block4,400_500,1,1,7.3565,5.2236,0.01,0.075
ViT-L-14__block4,400_500,2,2,7.3548,5.0381,0.03,0.11
ViT-L-14__block4,400_500,3,1,7.3714,5.2231,0.02,0.055
ViT-L-14__block4,400_500,4,1,7.3585,5.2227,0.015,0.055
ViT-L-14__block4,500_600,0,1,7.4103,5.2856,0.005,0.025
ViT-L-14__block4,500_600,1,1,7.4056,5.285,0.005,0.04
ViT-L-14__block4,500_600,2,1,7.4073,5.2864,0.01,0.03
ViT-L-14__block4,500_600,3,1,7.4048,5.2839,0.0,0.035
ViT-L-14__block4,500_600,4,1,7.4059,5.284,0.0,0.025
ViT-L-14__block4,600_700,0,1,7.4111,5.2946,0.005,0.025
ViT-L-14__block4,600_700,1,1,7.4129,5.2955,0.005,0.035
ViT-L-14__block4,600_700,2,1,7.4065,5.2958,0.005,0.025
ViT-L-14__block4,600_700,3,1,7.4155,5.2931,0.005,0.02
ViT-L-14__block4,600_700,4,1,7.4127,5.2936,0.005,0.02
ViT-L-14__block4,700_800,0,1,7.4136,5.2981,0.0,0.02
ViT-L-14__block4,700_800,1,1,7.421,5.2989,0.0,0.02
ViT-L-14__block4,700_800,2,1,7.4149,5.2962,0.015,0.035
ViT-L-14__block4,700_800,3,1,7.4228,5.2946,0.0,0.035
ViT-L-14__block4,700_800,4,1,7.4231,5.2944,0.0,0.025
ViT-L-14__block4__fov,baseline,0,1,7.4143,5.2997,0.005,0.025
ViT-L-14__block4__fov,baseline,1,1,7.4223,5.3006,0.01,0.02
ViT-L-14__block4__fov,baseline,2,1,7.4179,5.3002,0.0,0.025
ViT-L-14__block4__fov,baseline,3,1,7.4183,5.3,0.005,0.025
ViT-L-14__block4__fov,baseline,4,1,7.4163,5.3005,0.005,0.025
ViT-L-14__block4__fov,0_100,0,4,6.7903,3.9804,0.075,0.305
ViT-L-14__block4__fov,0_100,1,4,6.7803,3.9648,0.085,0.295
ViT-L-14__block4__fov,0_100,2,5,6.778,3.9462,0.08,0.29
ViT-L-14__block4__fov,0_100,3,4,6.7974,4.0256,0.065,0.275
ViT-L-14__block4__fov,0_100,4,4,6.7949,3.9769,0.095,0.305
ViT-L-14__block4__fov,100_200,0,5,6.2952,3.353,0.175,0.47
ViT-L-14__block4__fov,100_200,1,5,6.3075,3.3532,0.18,0.475
ViT-L-14__block4__fov,100_200,2,5,6.2635,3.3643,0.155,0.44
ViT-L-14__block4__fov,100_200,3,5,6.3291,3.3618,0.19,0.485
ViT-L-14__block4__fov,100_200,4,4,6.2449,3.4133,0.135,0.465
ViT-L-14__block4__fov,200_300,0,4,6.5064,3.6103,0.16,0.395
ViT-L-14__block4__fov,200_300,1,5,6.5383,3.53,0.135,0.43
ViT-L-14__block4__fov,200_300,2,5,6.505,3.506,0.155,0.43
ViT-L-14__block4__fov,200_300,3,5,6.5199,3.5371,0.15,0.46
ViT-L-14__block4__fov,200_300,4,4,6.5222,3.5641,0.16,0.445
ViT-L-14__block4__fov,300_400,0,3,7.1523,4.3843,0.08,0.24
ViT-L-14__block4__fov,300_400,1,3,7.1382,4.3437,0.07,0.265
ViT-L-14__block4__fov,300_400,2,4,7.1175,4.3262,0.075,0.25
ViT-L-14__block4__fov,300_400,3,3,7.1433,4.4025,0.065,0.265
ViT-L-14__block4__fov,300_400,4,3,7.1516,4.36,0.08,0.245
ViT-L-14__block4__fov,400_500,0,1,7.3615,5.2211,0.01,0.045
ViT-L-14__block4__fov,400_500,1,1,7.3576,5.2198,0.01,0.045
ViT-L-14__block4__fov,400_500,2,2,7.3598,5.0066,0.03,0.115
ViT-L-14__block4__fov,400_500,3,1,7.3711,5.2217,0.01,0.05
ViT-L-14__block4__fov,400_500,4,1,7.3565,5.2215,0.01,0.075
ViT-L-14__block4__fov,500_600,0,1,7.4072,5.2836,0.005,0.025
ViT-L-14__block4__fov,500_600,1,1,7.4078,5.2856,0.005,0.015
ViT-L-14__block4__fov,500_600,2,1,7.4081,5.2819,0.0,0.03
ViT-L-14__block4__fov,500_600,3,1,7.4082,5.2842,0.005,0.03
ViT-L-14__block4__fov,500_600,4,1,7.4053,5.2823,0.0,0.02
ViT-L-14__block4__fov,600_700,0,1,7.4079,5.2935,0.005,0.025
ViT-L-14__block4__fov,600_700,1,1,7.4143,5.2953,0.005,0.035
ViT-L-14__block4__fov,600_700,2,1,7.4083,5.293,0.005,0.025
ViT-L-14__block4__fov,600_700,3,1,7.4169,5.2914,0.01,0.025
ViT-L-14__block4__fov,600_700,4,1,7.4103,5.2931,0.005,0.03
ViT-L-14__block4__fov,700_800,0,1,7.4133,5.2963,0.0,0.02
ViT-L-14__block4__fov,700_800,1,1,7.4194,5.2978,0.005,0.015
ViT-L-14__block4__fov,700_800,2,1,7.417,5.2931,0.005,0.03
ViT-L-14__block4__fov,700_800,3,1,7.4239,5.296,0.005,0.025
ViT-L-14__block4__fov,700_800,4,1,7.4208,5.2935,0.01,0.025
ViT-L-14__block8,baseline,0,1,7.4222,5.304,0.005,0.025
ViT-L-14__block8,baseline,1,1,7.4282,5.3022,0.005,0.025
ViT-L-14__block8,baseline,2,1,7.4257,5.3043,0.005,0.02
ViT-L-14__block8,baseline,3,1,7.4254,5.3035,0.005,0.025
ViT-L-14__block8,baseline,4,1,7.4197,5.3033,0.005,0.025
ViT-L-14__block8,0_100,0,5,6.8451,4.0141,0.09,0.235
ViT-L-14__block8,0_100,1,4,6.835,3.9974,0.09,0.26
ViT-L-14__block8,0_100,2,4,6.8351,3.9925,0.09,0.295
ViT-L-14__block8,0_100,3,4,6.8451,3.999,0.095,0.26
ViT-L-14__block8,0_100,4,4,6.8471,3.9814,0.08,0.29
ViT-L-14__block8,100_200,0,5,6.1589,3.1829,0.245,0.6
ViT-L-14__block8,100_200,1,5,6.2299,3.1905,0.265,0.555
ViT-L-14__block8,100_200,2,5,6.1852,3.1572,0.245,0.575
ViT-L-14__block8,100_200,3,5,6.2082,3.1886,0.27,0.565
ViT-L-14__block8,100_200,4,4,6.1661,3.2078,0.255,0.575
ViT-L-14__block8,200_300,0,5,6.4098,3.3985,0.195,0.485
ViT-L-14__block8,200_300,1,4,6.4286,3.45,0.17,0.44
ViT-L-14__block8,200_300,2,5,6.4073,3.4074,0.17,0.475
ViT-L-14__block8,200_300,3,5,6.4095,3.4164,0.195,0.45
ViT-L-14__block8,200_300,4,4,6.4287,3.446,0.2,0.495
ViT-L-14__block8,300_400,0,4,7.0327,4.1417,0.11,0.305
ViT-L-14__block8,300_400,1,3,7.0508,4.1246,0.11,0.34
ViT-L-14__block8,300_400,2,4,7.0196,4.1301,0.115,0.3
ViT-L-14__block8,300_400,3,3,7.0271,4.1724,0.08,0.285
ViT-L-14__block8,300_400,4,3,7.0545,4.1166,0.085,0.32
ViT-L-14__block8,400_500,0,1,7.3522,5.2031,0.015,0.085
ViT-L-14__block8,400_500,1,1,7.3481,5.205,0.01,0.065
ViT-L-14__block8,400_500,2,2,7.334,4.9536,0.035,0.135
ViT-L-14__block8,400_500,3,1,7.3609,5.2085,0.01,0.06
ViT-L-14__block8,400_500,4,1,7.348,5.211,0.01,0.025
ViT-L-14__block8,500_600,0,1,7.4095,5.2825,0.005,0.03
ViT-L-14__block8,500_600,1,1,7.4057,5.2826,0.01,0.035
ViT-L-14__block8,500_600,2,1,7.3985,5.2805,0.01,0.02
ViT-L-14__block8,500_600,3,1,7.4103,5.2842,0.0,0.05
ViT-L-14__block8,500_600,4,1,7.4076,5.2787,0.005,0.045
ViT-L-14__block8,600_700,0,1,7.4128,5.2971,0.0,0.02
ViT-L-14__block8,600_700,1,1,7.4167,5.2918,0.0,0.015
ViT-L-14__block8,600_700,2,1,7.4079,5.2923,0.005,0.02
ViT-L-14__block8,600_700,3,1,7.4228,5.2929,0.005,0.035
ViT-L-14__block8,600_700,4,1,7.4169,5.2954,0.005,0.035
ViT-L-14__block8,700_800,0,1,7.4296,5.2982,0.005,0.02
ViT-L-14__block8,700_800,1,1,7.426,5.2946,0.015,0.025
ViT-L-14__block8,700_800,2,1,7.4159,5.2945,0.015,0.03
ViT-L-14__block8,700_800,3,1,7.4344,5.295,0.01,0.04
ViT-L-14__block8,700_800,4,1,7.4289,5.2937,0.005,0.025
ViT-L-14__block8__fov,baseline,0,1,7.4229,5.3023,0.01,0.025
ViT-L-14__block8__fov,baseline,1,1,7.4295,5.3022,0.005,0.025
ViT-L-14__block8__fov,baseline,2,1,7.4251,5.3032,0.005,0.03
ViT-L-14__block8__fov,baseline,3,1,7.4236,5.3022,0.005,0.025
ViT-L-14__block8__fov,baseline,4,1,7.4208,5.3026,0.005,0.025
ViT-L-14__block8__fov,0_100,0,5,6.8385,3.967,0.095,0.28
ViT-L-14__block8__fov,0_100,1,4,6.8196,3.9695,0.1,0.275
ViT-L-14__block8__fov,0_100,2,4,6.8278,3.9618,0.115,0.285
ViT-L-14__block8__fov,0_100,3,4,6.8453,3.9798,0.1,0.265
ViT-L-14__block8__fov,0_100,4,4,6.8368,3.9644,0.085,0.295
ViT-L-14__block8__fov,100_200,0,5,6.1305,3.1231,0.25,0.6
ViT-L-14__block8__fov,100_200,1,5,6.1862,3.137,0.265,0.565
ViT-L-14__block8__fov,100_200,2,5,6.1593,3.1122,0.255,0.57
ViT-L-14__block8__fov,100_200,3,5,6.1773,3.1365,0.29,0.58
ViT-L-14__block8__fov,100_200,4,4,6.1501,3.1722,0.26,0.575
ViT-L-14__block8__fov,200_300,0,5,6.3781,3.3481,0.175,0.53
ViT-L-14__block8__fov,200_300,1,6,6.3977,3.3556,0.17,0.485
ViT-L-14__block8__fov,200_300,2,5,6.3917,3.3692,0.145,0.49
ViT-L-14__block8__fov,200_300,3,5,6.4054,3.3787,0.17,0.47
ViT-L-14__block8__fov,200_300,4,4,6.4146,3.4023,0.2,0.51
ViT-L-14__block8__fov,300_400,0,4,7.0447,4.1435,0.125,0.275
ViT-L-14__block8__fov,300_400,1,3,7.0522,4.1225,0.12,0.315
ViT-L-14__block8__fov,300_400,2,4,7.0187,4.1423,0.11,0.285
ViT-L-14__block8__fov,300_400,3,3,7.0266,4.1689,0.075,0.315
ViT-L-14__block8__fov,300_400,4,3,7.0589,4.132,0.1,0.315
ViT-L-14__block8__fov,400_500,0,1,7.3484,5.2063,0.015,0.06
ViT-L-14__block8__fov,400_500,1,1,7.3503,5.2059,0.005,0.08
ViT-L-14__block8__fov,400_500,2,2,7.3392,4.9477,0.04,0.11
ViT-L-14__block8__fov,400_500,3,1,7.3591,5.2041,0.005,0.06
ViT-L-14__block8__fov,400_500,4,1,7.3446,5.2127,0.015,0.05
ViT-L-14__block8__fov,500_600,0,1,7.4094,5.2826,0.02,0.04
ViT-L-14__block8__fov,500_600,1,1,7.4068,5.2823,0.005,0.045
ViT-L-14__block8__fov,500_600,2,1,7.3997,5.2824,0.005,0.035
ViT-L-14__block8__fov,500_600,3,1,7.4078,5.283,0.005,0.035
ViT-L-14__block8__fov,500_600,4,1,7.4085,5.2765,0.01,0.04
ViT-L-14__block8__fov,600_700,0,1,7.4115,5.2953,0.005,0.025
ViT-L-14__block8__fov,600_700,1,1,7.4187,5.2934,0.005,0.03
ViT-L-14__block8__fov,600_700,2,1,7.4111,5.2921,0.005,0.035
ViT-L-14__block8__fov,600_700,3,1,7.4203,5.2903,0.005,0.04
ViT-L-14__block8__fov,600_700,4,1,7.4178,5.2937,0.005,0.025
ViT-L-14__block8__fov,700_800,0,1,7.4232,5.2963,0.005,0.025
ViT-L-14__block8__fov,700_800,1,1,7.4291,5.2946,0.01,0.03
ViT-L-14__block8__fov,700_800,2,1,7.4178,5.2951,0.005,0.035
ViT-L-14__block8__fov,700_800,3,1,7.4329,5.2929,0.005,0.03
ViT-L-14__block8__fov,700_800,4,1,7.4308,5.2906,0.005,0.045
