target,window,test_loss,test_loss_std,top1,top5,n_seeds
RN50__attnpool,0_100,4.7382,0.026,0.04,0.134,5
RN50__attnpool,100_200,3.9453,0.047,0.11,0.355,5
RN50__attnpool,200_300,3.8624,0.0432,0.093,0.342,5
RN50__attnpool,300_400,4.3298,0.0453,0.069,0.238,5
RN50__attnpool,400_500,5.25,0.0018,0.007,0.04,5
RN50__attnpool,500_600,5.2878,0.0041,0.004,0.029,5
RN50__attnpool,600_700,5.2997,0.0024,0.008,0.03,5
RN50__attnpool,700_800,5.3086,0.0044,0.003,0.026,5
RN50__attnpool,800_900,5.3106,0.0014,0.005,0.026,5
RN50__attnpool,900_1000,5.3136,0.0031,0.006,0.024,5
RN50__attnpool__fov,0_100,4.7105,0.0442,0.05,0.142,5
RN50__attnpool__fov,100_200,3.897,0.0494,0.141,0.35,5
RN50__attnpool__fov,200_300,3.8076,0.0326,0.121,0.369,5
RN50__attnpool__fov,300_400,4.318,0.025,0.062,0.252,5
RN50__attnpool__fov,400_500,5.2476,0.0034,0.008,0.037,5
RN50__attnpool__fov,500_600,5.2858,0.0053,0.009,0.034,5
RN50__attnpool__fov,600_700,5.2986,0.0046,0.003,0.032,5
RN50__attnpool__fov,700_800,5.306,0.0039,0.006,0.029,5
RN50__attnpool__fov,800_900,5.3091,0.0014,0.005,0.021,5
RN50__attnpool__fov,900_1000,5.3113,0.0038,0.005,0.026,5
RN50__layer1,0_100,4.1153,0.0167,0.066,0.24,5
RN50__layer1,100_200,3.4707,0.0428,0.157,0.438,5
RN50__layer1,200_300,3.7407,0.0456,0.141,0.412,5
RN50__layer1,300_400,4.6296,0.0334,0.044,0.163,5
RN50__layer1,400_500,5.2441,0.0029,0.007,0.044,5
RN50__layer1,500_600,5.2853,0.0022,0.004,0.034,5
RN50__layer1,600_700,5.2947,0.0019,0.005,0.03,5
RN50__layer1,700_800,5.2981,0.0015,0.005,0.028,5
RN50__layer1,800_900,5.3003,0.0012,0.006,0.027,5
RN50__layer1,900_1000,5.3027,0.0012,0.005,0.024,5
RN50__layer1__fov,0_100,4.0516,0.0363,0.063,0.257,5
RN50__layer1__fov,100_200,3.3986,0.0497,0.157,0.477,5
RN50__layer1__fov,200_300,3.677,0.0455,0.152,0.428,5
RN50__layer1__fov,300_400,4.6088,0.038,0.054,0.164,5
RN50__layer1__fov,400_500,5.2442,0.0035,0.009,0.036,5
RN50__layer1__fov,500_600,5.2845,0.0033,0.009,0.026,5
RN50__layer1__fov,600_700,5.295,0.0016,0.003,0.029,5
RN50__layer1__fov,700_800,5.2958,0.0018,0.004,0.022,5
RN50__layer1__fov,800_900,5.3009,0.0013,0.004,0.028,5
RN50__layer1__fov,900_1000,5.3021,0.0015,0.008,0.029,5
RN50__layer2,0_100,3.9743,0.0248,0.08,0.271,5
RN50__layer2,100_200,3.1594,0.0376,0.214,0.528,5
RN50__layer2,200_300,3.513,0.0379,0.179,0.435,5
RN50__layer2,300_400,4.4205,0.0373,0.064,0.23,5
RN50__layer2,400_500,5.2328,0.0039,0.009,0.041,5
RN50__layer2,500_600,5.2814,0.0032,0.01,0.03,5
RN50__layer2,600_700,5.2948,0.0015,0.003,0.025,5
RN50__layer2,700_800,5.2966,0.0014,0.007,0.029,5
RN50__layer2,800_900,5.3018,0.0017,0.004,0.026,5
RN50__layer2,900_1000,5.303,0.001,0.004,0.027,5
RN50__layer2__fov,0_100,3.9103,0.0283,0.081,0.273,5
RN50__layer2__fov,100_200,3.1062,0.0422,0.225,0.552,5
RN50__layer2__fov,200_300,3.4446,0.0383,0.193,0.47,5
RN50__layer2__fov,300_400,4.4063,0.0475,0.064,0.235,5
RN50__layer2__fov,400_500,5.2318,0.0034,0.013,0.049,5
RN50__layer2__fov,500_600,5.2801,0.0017,0.005,0.03,5
RN50__layer2__fov,600_700,5.2945,0.0021,0.005,0.025,5
RN50__layer2__fov,700_800,5.2955,0.0008,0.006,0.027,5
RN50__layer2__fov,800_900,5.3021,0.0013,0.003,0.032,5
RN50__layer2__fov,900_1000,5.3022,0.0015,0.004,0.03,5
RN50__layer3,0_100,4.0598,0.0557,0.102,0.282,5
RN50__layer3,100_200,3.0482,0.0329,0.268,0.59,5
RN50__layer3,200_300,3.2222,0.051,0.235,0.531,5
RN50__layer3,300_400,4.0855,0.0283,0.093,0.303,5
RN50__layer3,400_500,5.1711,0.0988,0.011,0.052,5
RN50__layer3,500_600,5.2819,0.0044,0.005,0.03,5
RN50__layer3,600_700,5.3023,0.0037,0.004,0.028,5
RN50__layer3,700_800,5.3049,0.0049,0.005,0.026,5
RN50__layer3,800_900,5.3114,0.004,0.005,0.023,5
RN50__layer3,900_1000,5.3121,0.0067,0.004,0.027,5
RN50__layer3__fov,0_100,4.0093,0.0475,0.112,0.295,5
RN50__layer3__fov,100_200,3.0509,0.0433,0.28,0.572,5
RN50__layer3__fov,200_300,3.2267,0.0587,0.238,0.55,5
RN50__layer3__fov,300_400,4.065,0.0271,0.096,0.32,5
RN50__layer3__fov,400_500,5.124,0.1168,0.015,0.057,5
RN50__layer3__fov,500_600,5.2789,0.0033,0.007,0.022,5
RN50__layer3__fov,600_700,5.3012,0.0022,0.007,0.03,5
RN50__layer3__fov,700_800,5.3026,0.002,0.006,0.022,5
RN50__layer3__fov,800_900,5.3101,0.0033,0.005,0.022,5
RN50__layer3__fov,900_1000,5.3133,0.0053,0.004,0.018,5
RN50__layer4,0_100,4.4705,0.0297,0.059,0.203,5
RN50__layer4,100_200,3.5712,0.0248,0.164,0.433,5
RN50__layer4,200_300,3.5142,0.0446,0.173,0.448,5
RN50__layer4,300_400,4.1213,0.0414,0.079,0.301,5
RN50__layer4,400_500,5.1634,0.0995,0.015,0.06,5
RN50__layer4,500_600,5.2811,0.0051,0.006,0.031,5
RN50__layer4,600_700,5.2986,0.0059,0.005,0.032,5
RN50__layer4,700_800,5.3076,0.0048,0.007,0.025,5
RN50__layer4,800_900,5.3139,0.0027,0.007,0.022,5
RN50__layer4,900_1000,5.3167,0.003,0.007,0.024,5
RN50__layer4__fov,0_100,4.4447,0.0217,0.063,0.197,5
RN50__layer4__fov,100_200,3.4834,0.0451,0.172,0.467,5
RN50__layer4__fov,200_300,3.4591,0.0548,0.188,0.482,5
RN50__layer4__fov,300_400,4.0986,0.0231,0.077,0.32,5
RN50__layer4__fov,400_500,5.157,0.1045,0.013,0.047,5
RN50__layer4__fov,500_600,5.2757,0.0037,0.007,0.036,5
RN50__layer4__fov,600_700,5.2958,0.0043,0.005,0.027,5
RN50__layer4__fov,700_800,5.3018,0.0032,0.006,0.03,5
RN50__layer4__fov,800_900,5.3128,0.0031,0.003,0.022,5
RN50__layer4__fov,900_1000,5.3161,0.0057,0.006,0.024,5
RN50__stem,0_100,4.4371,0.0365,0.048,0.193,5
RN50__stem,100_200,4.0444,0.0469,0.096,0.327,5
RN50__stem,200_300,4.2216,0.0435,0.052,0.257,5
RN50__stem,300_400,4.9224,0.042,0.02,0.11,5
RN50__stem,400_500,5.2202,0.0055,0.005,0.04,5
RN50__stem,500_600,5.2818,0.0078,0.005,0.028,5
RN50__stem,600_700,5.3008,0.0084,0.005,0.024,5
RN50__stem,700_800,5.3009,0.0019,0.008,0.025,5
RN50__stem,800_900,5.3081,0.0051,0.006,0.024,5
RN50__stem,900_1000,5.3128,0.0049,0.005,0.021,5
RN50__stem__fov,0_100,4.3393,0.0796,0.041,0.222,5
RN50__stem__fov,100_200,3.9378,0.0694,0.104,0.345,5
RN50__stem__fov,200_300,4.1485,0.0504,0.064,0.274,5
RN50__stem__fov,300_400,4.9103,0.045,0.016,0.111,5
RN50__stem__fov,400_500,5.2282,0.0136,0.005,0.039,5
RN50__stem__fov,500_600,5.2813,0.0076,0.006,0.027,5
RN50__stem__fov,600_700,5.299,0.0061,0.004,0.027,5
RN50__stem__fov,700_800,5.302,0.0013,0.009,0.027,5
RN50__stem__fov,800_900,5.31,0.0051,0.004,0.026,5
RN50__stem__fov,900_1000,5.3127,0.0033,0.004,0.02,5
ViT-B-16__block10,0_100,4.5806,0.0145,0.055,0.161,5
ViT-B-16__block10,100_200,3.7512,0.0562,0.153,0.405,5
ViT-B-16__block10,200_300,3.7484,0.0385,0.124,0.385,5
ViT-B-16__block10,300_400,4.2612,0.0281,0.071,0.25,5
ViT-B-16__block10,400_500,5.1877,0.0957,0.007,0.049,5
ViT-B-16__block10,500_600,5.2845,0.0044,0.008,0.03,5
ViT-B-16__block10,600_700,5.3045,0.0036,0.006,0.03,5
ViT-B-16__block10,700_800,5.3126,0.002,0.005,0.021,5
ViT-B-16__block10,800_900,5.3139,0.0024,0.006,0.026,5
ViT-B-16__block10,900_1000,5.3142,0.003,0.004,0.027,5
ViT-B-16__block10__fov,0_100,4.5177,0.0208,0.07,0.177,5
ViT-B-16__block10__fov,100_200,3.653,0.0845,0.157,0.432,5
ViT-B-16__block10__fov,200_300,3.6663,0.0274,0.157,0.433,5
ViT-B-16__block10__fov,300_400,4.2231,0.0393,0.074,0.282,5
ViT-B-16__block10__fov,400_500,5.1904,0.0823,0.005,0.052,5
ViT-B-16__block10__fov,500_600,5.2782,0.0032,0.009,0.033,5
ViT-B-16__block10__fov,600_700,5.3035,0.001,0.01,0.024,5
ViT-B-16__block10__fov,700_800,5.3107,0.003,0.007,0.032,5
ViT-B-16__block10__fov,800_900,5.3121,0.0024,0.005,0.028,5
ViT-B-16__block10__fov,900_1000,5.3134,0.0032,0.003,0.022,5
ViT-B-16__block12,0_100,4.8312,0.0209,0.029,0.121,5
ViT-B-16__block12,100_200,4.1524,0.0485,0.079,0.282,5
ViT-B-16__block12,200_300,4.0558,0.013,0.085,0.288,5
ViT-B-16__block12,300_400,4.4219,0.0181,0.049,0.213,5
ViT-B-16__block12,400_500,5.2595,0.0053,0.012,0.046,5
ViT-B-16__block12,500_600,5.2925,0.0032,0.006,0.038,5
ViT-B-16__block12,600_700,5.3069,0.0039,0.005,0.031,5
ViT-B-16__block12,700_800,5.3185,0.003,0.007,0.023,5
ViT-B-16__block12,800_900,5.3211,0.0019,0.003,0.022,5
ViT-B-16__block12,900_1000,5.3274,0.0081,0.006,0.026,5
ViT-B-16__block12__fov,0_100,4.8111,0.0224,0.031,0.122,5
ViT-B-16__block12__fov,100_200,4.0801,0.0364,0.102,0.301,5
ViT-B-16__block12__fov,200_300,3.9882,0.0394,0.102,0.31,5
ViT-B-16__block12__fov,300_400,4.4188,0.0179,0.064,0.215,5
ViT-B-16__block12__fov,400_500,5.2639,0.0071,0.006,0.033,5
ViT-B-16__block12__fov,500_600,5.2969,0.0058,0.008,0.031,5
ViT-B-16__block12__fov,600_700,5.3125,0.0042,0.005,0.029,5
ViT-B-16__block12__fov,700_800,5.3202,0.0058,0.007,0.027,5
ViT-B-16__block12__fov,800_900,5.3235,0.003,0.005,0.025,5
ViT-B-16__block12__fov,900_1000,5.3279,0.0059,0.005,0.031,5
ViT-B-16__block2,0_100,3.8437,0.0558,0.087,0.305,5
ViT-B-16__block2,100_200,3.3811,0.047,0.193,0.481,5
ViT-B-16__block2,200_300,3.676,0.0568,0.208,0.431,5
ViT-B-16__block2,300_400,4.6277,0.033,0.051,0.192,5
ViT-B-16__block2,400_500,5.2427,0.0038,0.012,0.047,5
ViT-B-16__block2,500_600,5.282,0.0027,0.01,0.042,5
ViT-B-16__block2,600_700,5.2947,0.0007,0.008,0.027,5
ViT-B-16__block2,700_800,5.2977,0.0015,0.009,0.028,5
ViT-B-16__block2,800_900,5.301,0.0011,0.006,0.025,5
ViT-B-16__block2,900_1000,5.3015,0.0024,0.009,0.026,5
ViT-B-16__block2__fov,0_100,3.7525,0.0421,0.121,0.335,5
ViT-B-16__block2__fov,100_200,3.3074,0.0448,0.199,0.491,5
ViT-B-16__block2__fov,200_300,3.6166,0.033,0.23,0.442,5
ViT-B-16__block2__fov,300_400,4.6062,0.0366,0.056,0.196,5
ViT-B-16__block2__fov,400_500,5.2421,0.0032,0.012,0.063,5
ViT-B-16__block2__fov,500_600,5.2816,0.0026,0.007,0.032,5
ViT-B-16__block2__fov,600_700,5.2949,0.0012,0.006,0.026,5
ViT-B-16__block2__fov,700_800,5.298,0.0011,0.005,0.03,5
ViT-B-16__block2__fov,800_900,5.3011,0.0013,0.006,0.024,5
ViT-B-16__block2__fov,900_1000,5.3016,0.0017,0.006,0.024,5
ViT-B-16__block4,0_100,3.7778,0.0288,0.111,0.326,5
ViT-B-16__block4,100_200,3.0118,0.0448,0.253,0.53,5
ViT-B-16__block4,200_300,3.3795,0.0179,0.188,0.485,5
ViT-B-16__block4,300_400,4.3859,0.0232,0.065,0.233,5
ViT-B-16__block4,400_500,5.2312,0.0023,0.01,0.068,5
ViT-B-16__block4,500_600,5.2802,0.0041,0.012,0.04,5
ViT-B-16__block4,600_700,5.2939,0.0009,0.005,0.028,5
ViT-B-16__block4,700_800,5.2956,0.0035,0.008,0.03,5
ViT-B-16__block4,800_900,5.2989,0.0021,0.005,0.027,5
ViT-B-16__block4,900_1000,5.3015,0.0037,0.006,0.029,5
ViT-B-16__block4__fov,0_100,3.7188,0.033,0.128,0.336,5
ViT-B-16__block4__fov,100_200,2.9303,0.0533,0.254,0.554,5
ViT-B-16__block4__fov,200_300,3.3026,0.0206,0.216,0.494,5
ViT-B-16__block4__fov,300_400,4.3693,0.0256,0.08,0.228,5
ViT-B-16__block4__fov,400_500,5.2316,0.0048,0.011,0.054,5
ViT-B-16__block4__fov,500_600,5.2802,0.0028,0.008,0.035,5
ViT-B-16__block4__fov,600_700,5.2944,0.0018,0.004,0.031,5
ViT-B-16__block4__fov,700_800,5.2954,0.0048,0.003,0.024,5
ViT-B-16__block4__fov,800_900,5.2991,0.002,0.004,0.024,5
ViT-B-16__block4__fov,900_1000,5.3019,0.0031,0.004,0.018,5
ViT-B-16__block6,0_100,3.9805,0.0248,0.106,0.302,5
ViT-B-16__block6,100_200,3.2495,0.0699,0.224,0.498,5
ViT-B-16__block6,200_300,3.4441,0.0743,0.191,0.467,5
ViT-B-16__block6,300_400,4.3011,0.0197,0.065,0.264,5
ViT-B-16__block6,400_500,5.2427,0.0055,0.01,0.056,5
ViT-B-16__block6,500_600,5.2797,0.0043,0.009,0.039,5
ViT-B-16__block6,600_700,5.2959,0.0025,0.007,0.033,5
ViT-B-16__block6,700_800,5.2971,0.0026,0.009,0.032,5
ViT-B-16__block6,800_900,5.2998,0.0013,0.007,0.034,5
ViT-B-16__block6,900_1000,5.3014,0.0016,0.008,0.031,5
ViT-B-16__block6__fov,0_100,3.9537,0.0247,0.12,0.308,5
ViT-B-16__block6__fov,100_200,3.1809,0.0552,0.24,0.512,5
ViT-B-16__block6__fov,200_300,3.3907,0.0588,0.179,0.484,5
ViT-B-16__block6__fov,300_400,4.2935,0.0287,0.078,0.274,5
ViT-B-16__block6__fov,400_500,5.2464,0.004,0.01,0.046,5
ViT-B-16__block6__fov,500_600,5.2847,0.0056,0.005,0.033,5
ViT-B-16__block6__fov,600_700,5.2998,0.0009,0.003,0.027,5
ViT-B-16__block6__fov,700_800,5.3019,0.0031,0.004,0.025,5
ViT-B-16__block6__fov,800_900,5.3035,0.0037,0.006,0.03,5
ViT-B-16__block6__fov,900_1000,5.3039,0.0045,0.004,0.026,5
ViT-B-16__block8,0_100,4.3031,0.0145,0.072,0.221,5
ViT-B-16__block8,100_200,3.6263,0.0624,0.173,0.418,5
ViT-B-16__block8,200_300,3.7228,0.037,0.136,0.372,5
ViT-B-16__block8,300_400,4.3601,0.0216,0.066,0.228,5
ViT-B-16__block8,400_500,5.2493,0.0042,0.011,0.046,5
ViT-B-16__block8,500_600,5.2854,0.0025,0.007,0.035,5
ViT-B-16__block8,600_700,5.3031,0.0027,0.005,0.022,5
ViT-B-16__block8,700_800,5.3044,0.002,0.006,0.031,5
ViT-B-16__block8,800_900,5.3068,0.0036,0.003,0.027,5
ViT-B-16__block8,900_1000,5.3072,0.0037,0.011,0.026,5
ViT-B-16__block8__fov,0_100,4.2519,0.0114,0.086,0.248,5
ViT-B-16__block8__fov,100_200,3.5026,0.0665,0.162,0.429,5
ViT-B-16__block8__fov,200_300,3.6272,0.0441,0.158,0.364,5
ViT-B-16__block8__fov,300_400,4.3272,0.0184,0.072,0.244,5
ViT-B-16__block8__fov,400_500,5.2447,0.0015,0.009,0.047,5
ViT-B-16__block8__fov,500_600,5.2827,0.0019,0.004,0.028,5
ViT-B-16__block8__fov,600_700,5.3013,0.0007,0.009,0.032,5
ViT-B-16__block8__fov,700_800,5.3035,0.0022,0.008,0.025,5
ViT-B-16__block8__fov,800_900,5.3065,0.0028,0.005,0.025,5
ViT-B-16__block8__fov,900_1000,5.3068,0.0042,0.005,0.026,5
ViT-L-14__block12,0_100,4.2742,0.0139,0.072,0.232,5
ViT-L-14__block12,100_200,3.6449,0.0608,0.165,0.416,5
ViT-L-14__block12,200_300,3.7802,0.0431,0.117,0.376,5
ViT-L-14__block12,300_400,4.4725,0.0315,0.047,0.201,5
ViT-L-14__block12,400_500,5.2642,0.0042,0.007,0.034,5
ViT-L-14__block12,500_600,5.2927,0.0048,0.006,0.035,5
ViT-L-14__block12,600_700,5.3041,0.0039,0.004,0.027,5
ViT-L-14__block12,700_800,5.3048,0.0022,0.005,0.031,5
ViT-L-14__block12,800_900,5.3071,0.0038,0.006,0.032,5
ViT-L-14__block12,900_1000,5.3054,0.0052,0.012,0.034,5
ViT-L-14__block12__fov,0_100,4.2079,0.0605,0.082,0.225,5
ViT-L-14__block12__fov,100_200,3.4874,0.0646,0.187,0.438,5
ViT-L-14__block12__fov,200_300,3.6549,0.0355,0.154,0.4,5
ViT-L-14__block12__fov,300_400,4.3937,0.0291,0.063,0.23,5
ViT-L-14__block12__fov,400_500,5.2621,0.0053,0.007,0.028,5
ViT-L-14__block12__fov,500_600,5.2902,0.004,0.006,0.029,5
ViT-L-14__block12__fov,600_700,5.3045,0.0029,0.005,0.029,5
ViT-L-14__block12__fov,700_800,5.3076,0.004,0.006,0.024,5
ViT-L-14__block12__fov,800_900,5.3085,0.0022,0.006,0.027,5
ViT-L-14__block12__fov,900_1000,5.307,0.0045,0.005,0.033,5
ViT-L-14__block16,0_100,4.401,0.0103,0.06,0.203,5
ViT-L-14__block16,100_200,3.7568,0.0564,0.152,0.355,5
ViT-L-14__block16,200_300,3.7443,0.061,0.117,0.379,5
ViT-L-14__block16,300_400,4.3709,0.035,0.053,0.226,5
ViT-L-14__block16,400_500,5.2578,0.0027,0.011,0.038,5
ViT-L-14__block16,500_600,5.2893,0.0058,0.004,0.024,5
ViT-L-14__block16,600_700,5.3046,0.0019,0.006,0.025,5
ViT-L-14__block16,700_800,5.3084,0.0046,0.006,0.026,5
ViT-L-14__block16,800_900,5.308,0.0012,0.005,0.03,5
ViT-L-14__block16,900_1000,5.3076,0.0044,0.004,0.023,5
ViT-L-14__block16__fov,0_100,4.3491,0.0209,0.071,0.235,5
ViT-L-14__block16__fov,100_200,3.5809,0.0671,0.167,0.413,5
ViT-L-14__block16__fov,200_300,3.6387,0.0366,0.123,0.422,5
ViT-L-14__block16__fov,300_400,4.3444,0.0204,0.063,0.231,5
ViT-L-14__block16__fov,400_500,5.2244,0.0629,0.019,0.05,5
ViT-L-14__block16__fov,500_600,5.2911,0.0051,0.007,0.035,5
ViT-L-14__block16__fov,600_700,5.3067,0.0052,0.006,0.024,5
ViT-L-14__block16__fov,700_800,5.3082,0.004,0.01,0.029,5
ViT-L-14__block16__fov,800_900,5.309,0.0044,0.005,0.029,5
ViT-L-14__block16__fov,900_1000,5.3086,0.0052,0.006,0.024,5
ViT-L-14__block20,0_100,4.6626,0.0212,0.029,0.146,5
ViT-L-14__block20,100_200,3.9497,0.0457,0.093,0.322,5
ViT-L-14__block20,200_300,3.8773,0.0169,0.109,0.365,5
ViT-L-14__block20,300_400,4.3096,0.0204,0.064,0.225,5
ViT-L-14__block20,400_500,5.2451,0.0044,0.006,0.035,5
ViT-L-14__block20,500_600,5.295,0.0043,0.009,0.028,5
ViT-L-14__block20,600_700,5.3116,0.0019,0.005,0.028,5
ViT-L-14__block20,700_800,5.3142,0.0058,0.01,0.028,5
ViT-L-14__block20,800_900,5.3193,0.0058,0.004,0.029,5
ViT-L-14__block20,900_1000,5.3236,0.0072,0.006,0.027,5
ViT-L-14__block20__fov,0_100,4.6459,0.0396,0.052,0.168,5
ViT-L-14__block20__fov,100_200,3.8713,0.0146,0.114,0.35,5
ViT-L-14__block20__fov,200_300,3.8275,0.0295,0.116,0.352,5
ViT-L-14__block20__fov,300_400,4.2673,0.0379,0.064,0.215,5
ViT-L-14__block20__fov,400_500,5.2133,0.0669,0.007,0.05,5
ViT-L-14__block20__fov,500_600,5.2957,0.0064,0.005,0.028,5
ViT-L-14__block20__fov,600_700,5.3166,0.0021,0.007,0.027,5
ViT-L-14__block20__fov,700_800,5.3161,0.0045,0.005,0.029,5
ViT-L-14__block20__fov,800_900,5.3212,0.0026,0.006,0.026,5
ViT-L-14__block20__fov,900_1000,5.3253,0.0067,0.009,0.026,5
ViT-L-14__block24,0_100,4.8987,0.0333,0.034,0.103,5
ViT-L-14__block24,100_200,4.2679,0.0252,0.056,0.239,5
ViT-L-14__block24,200_300,4.2052,0.0207,0.08,0.256,5
ViT-L-14__block24,300_400,4.5141,0.0064,0.044,0.195,5
ViT-L-14__block24,400_500,5.2644,0.0088,0.011,0.039,5
ViT-L-14__block24,500_600,5.298,0.0084,0.006,0.028,5
ViT-L-14__block24,600_700,5.3171,0.0074,0.005,0.029,5
ViT-L-14__block24,700_800,5.3212,0.0103,0.006,0.027,5
ViT-L-14__block24,800_900,5.3296,0.0073,0.003,0.024,5
ViT-L-14__block24,900_1000,5.3319,0.0084,0.005,0.022,5
ViT-L-14__block24__fov,0_100,4.8941,0.0414,0.034,0.106,5
ViT-L-14__block24__fov,100_200,4.2061,0.0117,0.062,0.238,5
ViT-L-14__block24__fov,200_300,4.1648,0.0077,0.087,0.256,5
ViT-L-14__block24__fov,300_400,4.526,0.0144,0.057,0.167,5
ViT-L-14__block24__fov,400_500,5.2579,0.0046,0.005,0.037,5
ViT-L-14__block24__fov,500_600,5.2942,0.0079,0.009,0.033,5
ViT-L-14__block24__fov,600_700,5.3188,0.0042,0.006,0.025,5
ViT-L-14__block24__fov,700_800,5.3275,0.0063,0.007,0.027,5
ViT-L-14__block24__fov,800_900,5.329,0.0044,0.004,0.025,5
ViT-L-14__block24__fov,900_1000,5.3332,0.0054,0.005,0.029,5
ViT-L-14__block4,0_100,3.7302,0.0402,0.097,0.352,5
ViT-L-14__block4,100_200,3.2694,0.0086,0.194,0.512,5
ViT-L-14__block4,200_300,3.6283,0.0567,0.164,0.427,5
ViT-L-14__block4,300_400,4.5733,0.0292,0.045,0.174,5
ViT-L-14__block4,400_500,5.2449,0.0045,0.015,0.057,5
ViT-L-14__block4,500_600,5.2834,0.0026,0.008,0.032,5
ViT-L-14__block4,600_700,5.2974,0.0019,0.006,0.027,5
ViT-L-14__block4,700_800,5.299,0.0022,0.004,0.021,5
ViT-L-14__block4,800_900,5.3029,0.0013,0.004,0.022,5
ViT-L-14__block4,900_1000,5.3047,0.0023,0.003,0.032,5
ViT-L-14__block4__fov,0_100,3.6629,0.0368,0.11,0.355,5
ViT-L-14__block4__fov,100_200,3.1736,0.0291,0.211,0.54,5
ViT-L-14__block4__fov,200_300,3.5199,0.0501,0.18,0.459,5
ViT-L-14__block4__fov,300_400,4.5356,0.023,0.052,0.199,5
ViT-L-14__block4__fov,400_500,5.2417,0.006,0.013,0.055,5
ViT-L-14__block4__fov,500_600,5.2843,0.0032,0.006,0.035,5
ViT-L-14__block4__fov,600_700,5.2966,0.0011,0.005,0.028,5
ViT-L-14__block4__fov,700_800,5.2978,0.0015,0.007,0.024,5
ViT-L-14__block4__fov,800_900,5.3019,0.0017,0.002,0.028,5
ViT-L-14__block4__fov,900_1000,5.3028,0.0021,0.002,0.026,5
ViT-L-14__block8,0_100,3.7722,0.0651,0.131,0.344,5
ViT-L-14__block8,100_200,2.9531,0.0489,0.271,0.607,5
ViT-L-14__block8,200_300,3.3725,0.0235,0.181,0.471,5
ViT-L-14__block8,300_400,4.3383,0.022,0.082,0.237,5
ViT-L-14__block8,400_500,5.2362,0.0041,0.012,0.043,5
ViT-L-14__block8,500_600,5.279,0.0026,0.004,0.038,5
ViT-L-14__block8,600_700,5.2971,0.0029,0.006,0.025,5
ViT-L-14__block8,700_800,5.297,0.0017,0.003,0.032,5
ViT-L-14__block8,800_900,5.3007,0.0004,0.004,0.029,5
ViT-L-14__block8,900_1000,5.3029,0.0037,0.005,0.032,5
ViT-L-14__block8__fov,0_100,3.7346,0.0709,0.147,0.362,5
ViT-L-14__block8__fov,100_200,2.8982,0.0544,0.266,0.616,5
ViT-L-14__block8__fov,200_300,3.3384,0.0226,0.179,0.514,5
ViT-L-14__block8__fov,300_400,4.3353,0.0237,0.085,0.233,5
ViT-L-14__block8__fov,400_500,5.2333,0.0022,0.01,0.047,5
ViT-L-14__block8__fov,500_600,5.2771,0.0024,0.008,0.035,5
ViT-L-14__block8__fov,600_700,5.2956,0.0007,0.006,0.028,5
ViT-L-14__block8__fov,700_800,5.2965,0.0013,0.006,0.027,5
ViT-L-14__block8__fov,800_900,5.3004,0.0018,0.005,0.026,5
ViT-L-14__block8__fov,900_1000,5.3019,0.0013,0.007,0.026,5
