target,window,seed,best_epoch,val_loss,test_loss,top1
RN50__attnpool,baseline,0,1,7.4258,5.3074,0.005
RN50__attnpool,baseline,1,1,7.4287,5.3093,0.005
RN50__attnpool,baseline,2,1,7.4275,5.3097,0.005
RN50__attnpool,baseline,3,1,7.4238,5.3103,0.0
RN50__attnpool,baseline,4,1,7.4213,5.3074,0.01
RN50__attnpool,0_100,0,3,7.2213,4.753,0.035
RN50__attnpool,0_100,1,4,7.2049,4.7531,0.025
RN50__attnpool,0_100,2,4,7.1801,4.7555,0.035
RN50__attnpool,0_100,3,3,7.1734,4.7612,0.025
RN50__attnpool,0_100,4,4,7.1883,4.7681,0.035
RN50__attnpool,100_200,0,4,6.6491,3.9543,0.145
RN50__attnpool,100_200,1,4,6.6474,3.9814,0.095
RN50__attnpool,100_200,2,5,6.6327,3.9147,0.15
RN50__attnpool,100_200,3,4,6.6117,3.9647,0.13
RN50__attnpool,100_200,4,4,6.6216,3.9469,0.12
RN50__attnpool,200_300,0,4,6.6762,3.8744,0.155
RN50__attnpool,200_300,1,4,6.682,3.9006,0.115
RN50__attnpool,200_300,2,5,6.6805,3.8411,0.13
RN50__attnpool,200_300,3,4,6.6234,3.8979,0.11
RN50__attnpool,200_300,4,4,6.6893,3.8496,0.125
RN50__attnpool,300_400,0,3,7.0226,4.1945,0.085
RN50__attnpool,300_400,1,4,7.0204,4.1738,0.105
RN50__attnpool,300_400,2,3,7.0518,4.1844,0.08
RN50__attnpool,300_400,3,3,7.0214,4.1976,0.095
RN50__attnpool,300_400,4,4,7.0243,4.1963,0.075
RN50__attnpool,400_500,0,1,7.3554,5.2026,0.01
RN50__attnpool,400_500,1,1,7.3464,5.2101,0.005
RN50__attnpool,400_500,2,1,7.3488,5.1986,0.005
RN50__attnpool,400_500,3,1,7.3567,5.2138,0.005
RN50__attnpool,400_500,4,1,7.3594,5.2059,0.01
RN50__attnpool,500_600,0,1,7.4194,5.2804,0.005
RN50__attnpool,500_600,1,1,7.4113,5.286,0.005
RN50__attnpool,500_600,2,1,7.4125,5.2807,0.015
RN50__attnpool,500_600,3,1,7.414,5.2852,0.01
RN50__attnpool,500_600,4,1,7.4227,5.2806,0.005
RN50__attnpool,600_700,0,1,7.4268,5.2925,0.005
RN50__attnpool,600_700,1,1,7.4181,5.2978,0.005
RN50__attnpool,600_700,2,1,7.4098,5.29,0.005
RN50__attnpool,600_700,3,1,7.4181,5.2962,0.005
RN50__attnpool,600_700,4,1,7.4313,5.2953,0.005
RN50__attnpool,700_800,0,1,7.4403,5.3006,0.005
RN50__attnpool,700_800,1,1,7.4302,5.3063,0.005
RN50__attnpool,700_800,2,1,7.4313,5.3028,0.005
RN50__attnpool,700_800,3,1,7.4371,5.3035,0.005
RN50__attnpool,700_800,4,1,7.4369,5.3035,0.005
RN50__layer1,baseline,0,1,7.4183,5.3023,0.005
RN50__layer1,baseline,1,1,7.4275,5.3027,0.0
RN50__layer1,baseline,2,1,7.4196,5.3011,0.005
RN50__layer1,baseline,3,1,7.4193,5.3026,0.005
RN50__layer1,baseline,4,1,7.4165,5.3004,0.005
RN50__layer1,0_100,0,3,6.9374,4.2588,0.04
RN50__layer1,0_100,1,4,6.9285,4.1737,0.06
RN50__layer1,0_100,2,4,6.9199,4.2019,0.04
RN50__layer1,0_100,3,3,6.9395,4.2086,0.06
RN50__layer1,0_100,4,4,6.9535,4.1859,0.05
RN50__layer1,100_200,0,5,6.3608,3.461,0.175
RN50__layer1,100_200,1,4,6.4394,3.5707,0.13
RN50__layer1,100_200,2,4,6.4017,3.5819,0.12
RN50__layer1,100_200,3,3,6.4484,3.6477,0.095
RN50__layer1,100_200,4,4,6.4014,3.5536,0.1
RN50__layer1,200_300,0,5,6.6293,3.6457,0.175
RN50__layer1,200_300,1,4,6.6517,3.7071,0.16
RN50__layer1,200_300,2,4,6.6705,3.6727,0.14
RN50__layer1,200_300,3,5,6.6073,3.659,0.155
RN50__layer1,200_300,4,4,6.6257,3.6824,0.17
RN50__layer1,300_400,0,3,7.1598,4.4028,0.04
RN50__layer1,300_400,1,3,7.1875,4.4178,0.085
RN50__layer1,300_400,2,3,7.1376,4.4332,0.065
RN50__layer1,300_400,3,3,7.1615,4.4167,0.075
RN50__layer1,300_400,4,2,7.1779,4.5135,0.07
RN50__layer1,400_500,0,1,7.3513,5.2253,0.01
RN50__layer1,400_500,1,1,7.3601,5.2146,0.01
RN50__layer1,400_500,2,2,7.3507,5.0941,0.015
RN50__layer1,400_500,3,1,7.3777,5.2163,0.0
RN50__layer1,400_500,4,2,7.3528,5.0931,0.025
RN50__layer1,500_600,0,1,7.3967,5.285,0.005
RN50__layer1,500_600,1,1,7.4068,5.2851,0.005
RN50__layer1,500_600,2,1,7.4064,5.2849,0.01
RN50__layer1,500_600,3,1,7.4138,5.2841,0.005
RN50__layer1,500_600,4,1,7.4069,5.2851,0.005
RN50__layer1,600_700,0,1,7.4076,5.2931,0.005
RN50__layer1,600_700,1,1,7.4135,5.2888,0.005
RN50__layer1,600_700,2,1,7.4077,5.2918,0.005
RN50__layer1,600_700,3,1,7.4157,5.292,0.005
RN50__layer1,600_700,4,1,7.4132,5.2895,0.005
RN50__layer1,700_800,0,1,7.4083,5.2975,0.005
RN50__layer1,700_800,1,1,7.4196,5.2911,0.01
RN50__layer1,700_800,2,1,7.4138,5.2948,0.005
RN50__layer1,700_800,3,1,7.4261,5.2948,0.005
RN50__layer1,700_800,4,1,7.4192,5.2965,0.005
RN50__layer2,baseline,0,1,7.4175,5.3053,0.0
RN50__layer2,baseline,1,1,7.4264,5.3031,0.01
RN50__layer2,baseline,2,1,7.4218,5.3014,0.005
RN50__layer2,baseline,3,1,7.4235,5.3028,0.005
RN50__layer2,baseline,4,1,7.4163,5.3038,0.0
RN50__layer2,0_100,0,5,6.8851,4.0786,0.05
RN50__layer2,0_100,1,4,6.8861,4.0932,0.045
RN50__layer2,0_100,2,4,6.8837,4.1022,0.03
RN50__layer2,0_100,3,4,6.8983,4.096,0.07
RN50__layer2,0_100,4,4,6.9124,4.0669,0.065
RN50__layer2,100_200,0,5,6.1979,3.2358,0.2
RN50__layer2,100_200,1,5,6.2694,3.2718,0.235
RN50__layer2,100_200,2,5,6.2426,3.2577,0.21
RN50__layer2,100_200,3,5,6.2687,3.258,0.185
RN50__layer2,100_200,4,4,6.2156,3.3133,0.2
RN50__layer2,200_300,0,4,6.4868,3.5096,0.195
RN50__layer2,200_300,1,4,6.5039,3.4996,0.18
RN50__layer2,200_300,2,5,6.4743,3.4401,0.215
RN50__layer2,200_300,3,5,6.466,3.4499,0.19
RN50__layer2,200_300,4,4,6.4711,3.4898,0.21
RN50__layer2,300_400,0,3,7.0698,4.2425,0.1
RN50__layer2,300_400,1,3,7.0965,4.1713,0.1
RN50__layer2,300_400,2,3,7.0642,4.2532,0.07
RN50__layer2,300_400,3,3,7.0956,4.2407,0.075
RN50__layer2,300_400,4,3,7.1076,4.2089,0.11
RN50__layer2,400_500,0,1,7.3359,5.194,0.04
RN50__layer2,400_500,1,1,7.342,5.202,0.01
RN50__layer2,400_500,2,2,7.3434,4.9906,0.03
RN50__layer2,400_500,3,1,7.3616,5.2005,0.03
RN50__layer2,400_500,4,1,7.3343,5.2026,0.025
RN50__layer2,500_600,0,1,7.3975,5.2776,0.0
RN50__layer2,500_600,1,1,7.4014,5.2809,0.01
RN50__layer2,500_600,2,1,7.3981,5.2787,0.0
RN50__layer2,500_600,3,1,7.4074,5.2817,0.01
RN50__layer2,500_600,4,1,7.4092,5.2803,0.01
RN50__layer2,600_700,0,1,7.4059,5.291,0.01
RN50__layer2,600_700,1,1,7.4127,5.2905,0.0
RN50__layer2,600_700,2,1,7.4009,5.2912,0.005
RN50__layer2,600_700,3,1,7.4152,5.2902,0.005
RN50__layer2,600_700,4,1,7.4159,5.292,0.005
RN50__layer2,700_800,0,1,7.4135,5.2935,0.02
RN50__layer2,700_800,1,1,7.4191,5.2938,0.01
RN50__layer2,700_800,2,1,7.4122,5.292,0.0
RN50__layer2,700_800,3,1,7.4265,5.2926,0.015
RN50__layer2,700_800,4,1,7.4242,5.293,0.01
RN50__layer3,baseline,0,1,7.4301,5.3145,0.005
RN50__layer3,baseline,1,1,7.4315,5.3109,0.005
RN50__layer3,baseline,2,1,7.4317,5.3106,0.005
RN50__layer3,baseline,3,1,7.4358,5.3147,0.005
RN50__layer3,baseline,4,1,7.4363,5.3139,0.005
RN50__layer3,0_100,0,5,6.9314,4.2404,0.08
RN50__layer3,0_100,1,4,6.9104,4.2486,0.08
RN50__layer3,0_100,2,5,6.9257,4.2423,0.085
RN50__layer3,0_100,3,4,6.915,4.227,0.075
RN50__layer3,0_100,4,5,6.9612,4.2236,0.07
RN50__layer3,100_200,0,5,6.1797,3.2707,0.265
RN50__layer3,100_200,1,5,6.2341,3.2427,0.29
RN50__layer3,100_200,2,5,6.2063,3.2337,0.27
RN50__layer3,100_200,3,5,6.2112,3.232,0.26
RN50__layer3,100_200,4,4,6.2138,3.2738,0.255
RN50__layer3,200_300,0,5,6.338,3.3172,0.275
RN50__layer3,200_300,1,6,6.3445,3.3518,0.215
RN50__layer3,200_300,2,5,6.3498,3.3423,0.225
RN50__layer3,200_300,3,5,6.2964,3.3421,0.245
RN50__layer3,200_300,4,4,6.3726,3.3796,0.23
RN50__layer3,300_400,0,4,6.9209,3.9424,0.155
RN50__layer3,300_400,1,4,6.9494,3.9534,0.155
RN50__layer3,300_400,2,4,6.9253,3.9616,0.12
RN50__layer3,300_400,3,4,6.9026,3.9555,0.105
RN50__layer3,300_400,4,4,6.9103,3.9295,0.135
RN50__layer3,400_500,0,2,7.3229,4.8877,0.03
RN50__layer3,400_500,1,1,7.3325,5.1769,0.025
RN50__layer3,400_500,2,2,7.3236,4.8659,0.02
RN50__layer3,400_500,3,1,7.3464,5.1745,0.01
RN50__layer3,400_500,4,1,7.326,5.1838,0.015
RN50__layer3,500_600,0,1,7.408,5.2775,0.01
RN50__layer3,500_600,1,1,7.4035,5.28,0.005
RN50__layer3,500_600,2,1,7.4037,5.2811,0.01
RN50__layer3,500_600,3,1,7.4139,5.2841,0.005
RN50__layer3,500_600,4,1,7.4109,5.2811,0.005
RN50__layer3,600_700,0,1,7.4248,5.2998,0.005
RN50__layer3,600_700,1,1,7.4204,5.2947,0.005
RN50__layer3,600_700,2,1,7.411,5.2958,0.01
RN50__layer3,600_700,3,1,7.4292,5.2971,0.005
RN50__layer3,600_700,4,1,7.4286,5.3007,0.005
RN50__layer3,700_800,0,1,7.4303,5.3031,0.01
RN50__layer3,700_800,1,1,7.4282,5.3016,0.005
RN50__layer3,700_800,2,1,7.4286,5.3007,0.005
RN50__layer3,700_800,3,1,7.4451,5.3044,0.005
RN50__layer3,700_800,4,1,7.4438,5.3017,0.005
RN50__layer4,baseline,0,1,7.4375,5.318,0.005
RN50__layer4,baseline,1,1,7.4366,5.3115,0.0
RN50__layer4,baseline,2,1,7.441,5.3184,0.005
RN50__layer4,baseline,3,1,7.4363,5.3217,0.005
RN50__layer4,baseline,4,1,7.4361,5.3208,0.005
RN50__layer4,0_100,0,3,7.0984,4.5442,0.04
RN50__layer4,0_100,1,4,7.0593,4.5507,0.04
RN50__layer4,0_100,2,5,7.0658,4.5568,0.03
RN50__layer4,0_100,3,4,7.0713,4.5668,0.045
RN50__layer4,0_100,4,4,7.0733,4.5501,0.045
RN50__layer4,100_200,0,4,6.4096,3.6479,0.175
RN50__layer4,100_200,1,4,6.4193,3.6953,0.145
RN50__layer4,100_200,2,5,6.4035,3.6158,0.185
RN50__layer4,100_200,3,5,6.4028,3.6045,0.16
RN50__layer4,100_200,4,4,6.3895,3.6579,0.135
RN50__layer4,200_300,0,4,6.471,3.5843,0.19
RN50__layer4,200_300,1,4,6.4661,3.6253,0.17
RN50__layer4,200_300,2,5,6.4638,3.5566,0.175
RN50__layer4,200_300,3,5,6.4221,3.5876,0.185
RN50__layer4,200_300,4,4,6.4872,3.5525,0.18
RN50__layer4,300_400,0,4,6.9112,4.0535,0.115
RN50__layer4,300_400,1,4,6.9221,4.0296,0.1
RN50__layer4,300_400,2,3,6.9493,4.014,0.13
RN50__layer4,300_400,3,4,6.8987,4.0273,0.115
RN50__layer4,300_400,4,4,6.9191,3.99,0.135
RN50__layer4,400_500,0,3,7.3237,4.8179,0.03
RN50__layer4,400_500,1,2,7.3244,4.8292,0.015
RN50__layer4,400_500,2,2,7.3243,4.8401,0.045
RN50__layer4,400_500,3,3,7.3097,4.769,0.04
RN50__layer4,400_500,4,3,7.3221,4.7722,0.045
RN50__layer4,500_600,0,1,7.4199,5.2809,0.01
RN50__layer4,500_600,1,1,7.4118,5.2806,0.01
RN50__layer4,500_600,2,1,7.4083,5.2786,0.005
RN50__layer4,500_600,3,1,7.409,5.28,0.005
RN50__layer4,500_600,4,1,7.4231,5.2824,0.01
RN50__layer4,600_700,0,1,7.432,5.3004,0.0
RN50__layer4,600_700,1,1,7.4289,5.2966,0.0
RN50__layer4,600_700,2,1,7.4146,5.2996,0.005
RN50__layer4,600_700,3,1,7.4257,5.2941,0.0
RN50__layer4,600_700,4,1,7.4356,5.3037,0.005
RN50__layer4,700_800,0,1,7.4448,5.3053,0.01
RN50__layer4,700_800,1,1,7.4361,5.3099,0.005
RN50__layer4,700_800,2,1,7.4378,5.3083,0.005
RN50__layer4,700_800,3,1,7.4438,5.3028,0.005
RN50__layer4,700_800,4,1,7.4517,5.3089,0.005
RN50__stem,baseline,0,1,7.4335,5.3093,0.005
RN50__stem,baseline,1,1,7.4343,5.309,0.0
RN50__stem,baseline,2,1,7.4356,5.3087,0.0
RN50__stem,baseline,3,1,7.4336,5.3102,0.005
RN50__stem,baseline,4,1,7.4292,5.3056,0.0
RN50__stem,0_100,0,4,7.044,4.518,0.045
RN50__stem,0_100,1,3,7.0774,4.5818,0.035
RN50__stem,0_100,2,4,7.0675,4.5243,0.04
RN50__stem,0_100,3,3,7.0876,4.6035,0.04
RN50__stem,0_100,4,4,7.0733,4.5326,0.05
RN50__stem,100_200,0,4,6.7354,4.0607,0.075
RN50__stem,100_200,1,4,6.8008,4.0749,0.08
RN50__stem,100_200,2,4,6.7434,4.0312,0.12
RN50__stem,100_200,3,4,6.7257,4.0759,0.095
RN50__stem,100_200,4,4,6.7717,4.1419,0.07
RN50__stem,200_300,0,4,6.8887,4.2044,0.09
RN50__stem,200_300,1,4,6.8916,4.1533,0.09
RN50__stem,200_300,2,4,6.9362,4.1391,0.075
RN50__stem,200_300,3,5,6.8923,4.141,0.08
RN50__stem,200_300,4,4,6.9313,4.1408,0.075
RN50__stem,300_400,0,3,7.2639,4.7709,0.035
RN50__stem,300_400,1,3,7.2528,4.8227,0.04
RN50__stem,300_400,2,3,7.2335,4.8073,0.05
RN50__stem,300_400,3,3,7.2767,4.7498,0.065
RN50__stem,300_400,4,2,7.2625,4.8937,0.025
RN50__stem,400_500,0,2,7.3662,5.1985,0.02
RN50__stem,400_500,1,2,7.3723,5.205,0.015
RN50__stem,400_500,2,2,7.3806,5.2108,0.005
RN50__stem,400_500,3,1,7.3874,5.2481,0.01
RN50__stem,400_500,4,2,7.3746,5.1931,0.015
RN50__stem,500_600,0,1,7.424,5.2903,0.0
RN50__stem,500_600,1,1,7.4176,5.2939,0.0
RN50__stem,500_600,2,1,7.4127,5.2932,0.005
RN50__stem,500_600,3,1,7.4247,5.2936,0.005
RN50__stem,500_600,4,1,7.4207,5.2973,0.005
RN50__stem,600_700,0,1,7.4187,5.2976,0.005
RN50__stem,600_700,1,1,7.4319,5.2971,0.005
RN50__stem,600_700,2,1,7.4179,5.2985,0.0
RN50__stem,600_700,3,1,7.4217,5.2974,0.005
RN50__stem,600_700,4,1,7.4171,5.2948,0.01
RN50__stem,700_800,0,2,7.427,5.2928,0.005
RN50__stem,700_800,1,1,7.4258,5.3009,0.005
RN50__stem,700_800,2,1,7.4228,5.3013,0.005
RN50__stem,700_800,3,1,7.4296,5.2996,0.005
RN50__stem,700_800,4,1,7.428,5.3008,0.01
ViT-B-16__block10,baseline,0,1,7.4343,5.3164,0.005
ViT-B-16__block10,baseline,1,1,7.4384,5.3135,0.005
ViT-B-16__block10,baseline,2,1,7.4266,5.3132,0.005
ViT-B-16__block10,baseline,3,1,7.4407,5.3127,0.0
ViT-B-16__block10,baseline,4,1,7.4292,5.3153,0.0
ViT-B-16__block10,0_100,0,4,7.1333,4.6028,0.04
ViT-B-16__block10,0_100,1,4,7.1178,4.6155,0.025
ViT-B-16__block10,0_100,2,5,7.0915,4.598,0.045
ViT-B-16__block10,0_100,3,4,7.1134,4.6359,0.045
ViT-B-16__block10,0_100,4,4,7.1152,4.649,0.05
ViT-B-16__block10,100_200,0,4,6.537,3.8458,0.145
ViT-B-16__block10,100_200,1,4,6.5492,3.8614,0.125
ViT-B-16__block10,100_200,2,5,6.532,3.793,0.145
ViT-B-16__block10,100_200,3,5,6.5451,3.7696,0.125
ViT-B-16__block10,100_200,4,4,6.5364,3.8462,0.135
ViT-B-16__block10,200_300,0,4,6.5682,3.8068,0.085
ViT-B-16__block10,200_300,1,4,6.5899,3.8281,0.125
ViT-B-16__block10,200_300,2,5,6.5902,3.8031,0.115
ViT-B-16__block10,200_300,3,4,6.559,3.8339,0.115
ViT-B-16__block10,200_300,4,4,6.6089,3.7828,0.12
ViT-B-16__block10,300_400,0,3,6.9714,4.1364,0.085
ViT-B-16__block10,300_400,1,4,6.9888,4.1415,0.11
ViT-B-16__block10,300_400,2,3,6.9958,4.1122,0.085
ViT-B-16__block10,300_400,3,4,6.9632,4.1234,0.08
ViT-B-16__block10,300_400,4,4,6.998,4.1228,0.1
ViT-B-16__block10,400_500,0,3,7.3305,4.8817,0.015
ViT-B-16__block10,400_500,1,1,7.3529,5.1821,0.01
ViT-B-16__block10,400_500,2,2,7.3311,4.892,0.035
ViT-B-16__block10,400_500,3,2,7.3401,4.8681,0.035
ViT-B-16__block10,400_500,4,1,7.3471,5.189,0.01
ViT-B-16__block10,500_600,0,1,7.4227,5.2836,0.01
ViT-B-16__block10,500_600,1,1,7.4261,5.2809,0.005
ViT-B-16__block10,500_600,2,1,7.4115,5.2754,0.005
ViT-B-16__block10,500_600,3,1,7.4283,5.2809,0.01
ViT-B-16__block10,500_600,4,1,7.4341,5.2762,0.01
ViT-B-16__block10,600_700,0,1,7.4253,5.303,0.01
ViT-B-16__block10,600_700,1,1,7.4282,5.2963,0.005
ViT-B-16__block10,600_700,2,1,7.4151,5.2958,0.005
ViT-B-16__block10,600_700,3,1,7.4312,5.2938,0.005
ViT-B-16__block10,600_700,4,1,7.432,5.2985,0.005
ViT-B-16__block10,700_800,0,1,7.4473,5.3111,0.005
ViT-B-16__block10,700_800,1,1,7.449,5.3045,0.005
ViT-B-16__block10,700_800,2,1,7.4325,5.3029,0.01
ViT-B-16__block10,700_800,3,1,7.4481,5.3038,0.005
ViT-B-16__block10,700_800,4,1,7.4399,5.3031,0.005
ViT-B-16__block12,baseline,0,1,7.4423,5.322,0.005
ViT-B-16__block12,baseline,1,1,7.4394,5.3207,0.005
ViT-B-16__block12,baseline,2,1,7.4405,5.3229,0.0
ViT-B-16__block12,baseline,3,1,7.4433,5.3266,0.005
ViT-B-16__block12,baseline,4,1,7.438,5.3214,0.005
ViT-B-16__block12,0_100,0,4,7.2619,4.8473,0.025
ViT-B-16__block12,0_100,1,4,7.22,4.8419,0.035
ViT-B-16__block12,0_100,2,4,7.2063,4.8457,0.0
ViT-B-16__block12,0_100,3,3,7.2168,4.85,0.02
ViT-B-16__block12,0_100,4,6,7.2404,4.8723,0.025
ViT-B-16__block12,100_200,0,4,6.7351,4.1234,0.125
ViT-B-16__block12,100_200,1,4,6.7392,4.1799,0.12
ViT-B-16__block12,100_200,2,4,6.727,4.1657,0.12
ViT-B-16__block12,100_200,3,4,6.7268,4.1638,0.12
ViT-B-16__block12,100_200,4,4,6.7276,4.1507,0.105
ViT-B-16__block12,200_300,0,4,6.7478,4.071,0.1
ViT-B-16__block12,200_300,1,4,6.7457,4.0965,0.11
ViT-B-16__block12,200_300,2,4,6.7318,4.0649,0.11
ViT-B-16__block12,200_300,3,5,6.7305,4.0879,0.085
ViT-B-16__block12,200_300,4,4,6.7833,4.0326,0.09
ViT-B-16__block12,300_400,0,4,7.0417,4.3518,0.06
ViT-B-16__block12,300_400,1,4,7.0449,4.3292,0.065
ViT-B-16__block12,300_400,2,4,7.0442,4.3368,0.055
ViT-B-16__block12,300_400,3,4,7.0353,4.3171,0.075
ViT-B-16__block12,300_400,4,4,7.0551,4.3008,0.085
ViT-B-16__block12,400_500,0,3,7.3784,4.9192,0.035
ViT-B-16__block12,400_500,1,1,7.3708,5.2235,0.005
ViT-B-16__block12,400_500,2,2,7.371,4.9665,0.035
ViT-B-16__block12,400_500,3,1,7.3748,5.2204,0.02
ViT-B-16__block12,400_500,4,1,7.3747,5.2326,0.015
ViT-B-16__block12,500_600,0,1,7.4361,5.2942,0.01
ViT-B-16__block12,500_600,1,1,7.4388,5.296,0.005
ViT-B-16__block12,500_600,2,1,7.4305,5.2942,0.005
ViT-B-16__block12,500_600,3,1,7.4399,5.2952,0.005
ViT-B-16__block12,500_600,4,1,7.4372,5.3024,0.005
ViT-B-16__block12,600_700,0,1,7.437,5.3116,0.005
ViT-B-16__block12,600_700,1,1,7.4403,5.3057,0.005
ViT-B-16__block12,600_700,2,1,7.4278,5.3096,0.01
ViT-B-16__block12,600_700,3,1,7.4365,5.3044,0.015
ViT-B-16__block12,600_700,4,1,7.4453,5.3111,0.005
ViT-B-16__block12,700_800,0,1,7.4563,5.3115,0.005
ViT-B-16__block12,700_800,1,1,7.4596,5.3115,0.005
ViT-B-16__block12,700_800,2,1,7.4455,5.3128,0.005
ViT-B-16__block12,700_800,3,1,7.4566,5.3083,0.005
ViT-B-16__block12,700_800,4,1,7.4499,5.3229,0.005
ViT-B-16__block2,baseline,0,1,7.4132,5.3002,0.0
ViT-B-16__block2,baseline,1,1,7.4206,5.301,0.01
ViT-B-16__block2,baseline,2,1,7.417,5.2992,0.015
ViT-B-16__block2,baseline,3,1,7.4159,5.3002,0.01
ViT-B-16__block2,baseline,4,1,7.4124,5.3017,0.005
ViT-B-16__block2,0_100,0,4,6.8303,4.0019,0.065
ViT-B-16__block2,0_100,1,4,6.8398,4.0317,0.07
ViT-B-16__block2,0_100,2,3,6.8583,4.035,0.06
ViT-B-16__block2,0_100,3,4,6.8554,4.0468,0.06
ViT-B-16__block2,0_100,4,4,6.8423,4.0027,0.07
ViT-B-16__block2,100_200,0,5,6.3772,3.4664,0.12
ViT-B-16__block2,100_200,1,5,6.4404,3.4875,0.125
ViT-B-16__block2,100_200,2,5,6.3812,3.4603,0.165
ViT-B-16__block2,100_200,3,4,6.4191,3.5062,0.12
ViT-B-16__block2,100_200,4,4,6.3637,3.5133,0.14
ViT-B-16__block2,200_300,0,4,6.5765,3.6833,0.18
ViT-B-16__block2,200_300,1,5,6.6008,3.5754,0.17
ViT-B-16__block2,200_300,2,4,6.6154,3.6292,0.2
ViT-B-16__block2,200_300,3,5,6.6018,3.611,0.205
ViT-B-16__block2,200_300,4,4,6.6063,3.618,0.185
ViT-B-16__block2,300_400,0,3,7.1853,4.4611,0.065
ViT-B-16__block2,300_400,1,3,7.175,4.4336,0.075
ViT-B-16__block2,300_400,2,2,7.1643,4.5596,0.05
ViT-B-16__block2,300_400,3,3,7.1752,4.4729,0.075
ViT-B-16__block2,300_400,4,3,7.1804,4.4528,0.055
ViT-B-16__block2,400_500,0,1,7.3573,5.2181,0.015
ViT-B-16__block2,400_500,1,1,7.3569,5.2268,0.01
ViT-B-16__block2,400_500,2,2,7.3567,5.0418,0.01
ViT-B-16__block2,400_500,3,1,7.3722,5.2235,0.015
ViT-B-16__block2,400_500,4,1,7.3536,5.2234,0.01
ViT-B-16__block2,500_600,0,1,7.4005,5.2846,0.01
ViT-B-16__block2,500_600,1,1,7.4034,5.2837,0.0
ViT-B-16__block2,500_600,2,1,7.4055,5.2823,0.01
ViT-B-16__block2,500_600,3,1,7.4056,5.2842,0.005
ViT-B-16__block2,500_600,4,1,7.4035,5.2824,0.005
ViT-B-16__block2,600_700,0,1,7.4086,5.2938,0.005
ViT-B-16__block2,600_700,1,1,7.4143,5.2935,0.005
ViT-B-16__block2,600_700,2,1,7.4085,5.2911,0.005
ViT-B-16__block2,600_700,3,1,7.4168,5.2923,0.005
ViT-B-16__block2,600_700,4,1,7.4118,5.2928,0.015
ViT-B-16__block2,700_800,0,1,7.4119,5.2975,0.01
ViT-B-16__block2,700_800,1,1,7.4185,5.2974,0.005
ViT-B-16__block2,700_800,2,1,7.4132,5.2931,0.01
ViT-B-16__block2,700_800,3,1,7.4215,5.2937,0.015
ViT-B-16__block2,700_800,4,1,7.4196,5.2936,0.0
ViT-B-16__block4,baseline,0,1,7.4151,5.3015,0.0
ViT-B-16__block4,baseline,1,1,7.4222,5.3017,0.005
ViT-B-16__block4,baseline,2,1,7.4232,5.3021,0.01
ViT-B-16__block4,baseline,3,1,7.421,5.3014,0.0
ViT-B-16__block4,baseline,4,1,7.4168,5.3033,0.0
ViT-B-16__block4,0_100,0,4,6.8191,3.9318,0.055
ViT-B-16__block4,0_100,1,4,6.8054,3.9423,0.07
ViT-B-16__block4,0_100,2,4,6.8523,3.9553,0.06
ViT-B-16__block4,0_100,3,4,6.8282,3.9366,0.075
ViT-B-16__block4,0_100,4,4,6.8376,3.9324,0.065
ViT-B-16__block4,100_200,0,5,6.1751,3.17,0.245
ViT-B-16__block4,100_200,1,5,6.2306,3.1709,0.255
ViT-B-16__block4,100_200,2,5,6.228,3.1448,0.24
ViT-B-16__block4,100_200,3,5,6.2287,3.1525,0.255
ViT-B-16__block4,100_200,4,4,6.1878,3.2189,0.23
ViT-B-16__block4,200_300,0,4,6.436,3.4477,0.19
ViT-B-16__block4,200_300,1,4,6.4509,3.4292,0.175
ViT-B-16__block4,200_300,2,5,6.4588,3.3948,0.205
ViT-B-16__block4,200_300,3,5,6.44,3.3782,0.2
ViT-B-16__block4,200_300,4,4,6.4538,3.3909,0.19
ViT-B-16__block4,300_400,0,3,7.056,4.2311,0.07
ViT-B-16__block4,300_400,1,3,7.0647,4.1278,0.095
ViT-B-16__block4,300_400,2,3,7.0637,4.1981,0.095
ViT-B-16__block4,300_400,3,3,7.0527,4.1915,0.085
ViT-B-16__block4,300_400,4,3,7.0831,4.1631,0.085
ViT-B-16__block4,400_500,0,1,7.3471,5.209,0.015
ViT-B-16__block4,400_500,1,1,7.3423,5.2055,0.015
ViT-B-16__block4,400_500,2,2,7.3419,4.9803,0.02
ViT-B-16__block4,400_500,3,1,7.3578,5.2051,0.005
ViT-B-16__block4,400_500,4,1,7.3429,5.2051,0.01
ViT-B-16__block4,500_600,0,1,7.3993,5.2807,0.005
ViT-B-16__block4,500_600,1,1,7.397,5.2811,0.005
ViT-B-16__block4,500_600,2,1,7.4021,5.2786,0.005
ViT-B-16__block4,500_600,3,1,7.4035,5.2793,0.015
ViT-B-16__block4,500_600,4,1,7.4035,5.2785,0.01
ViT-B-16__block4,600_700,0,1,7.4107,5.2914,0.01
ViT-B-16__block4,600_700,1,1,7.4064,5.2914,0.005
ViT-B-16__block4,600_700,2,1,7.4077,5.2915,0.0
ViT-B-16__block4,600_700,3,1,7.4159,5.2899,0.005
ViT-B-16__block4,600_700,4,1,7.412,5.2889,0.0
ViT-B-16__block4,700_800,0,1,7.4133,5.295,0.005
ViT-B-16__block4,700_800,1,1,7.4163,5.2945,0.005
ViT-B-16__block4,700_800,2,1,7.4177,5.2897,0.005
ViT-B-16__block4,700_800,3,1,7.4243,5.2907,0.01
ViT-B-16__block4,700_800,4,1,7.4216,5.2912,0.0
ViT-B-16__block6,baseline,0,1,7.4239,5.3048,0.01
ViT-B-16__block6,baseline,1,1,7.4265,5.3067,0.005
ViT-B-16__block6,baseline,2,1,7.4232,5.3056,0.005
ViT-B-16__block6,baseline,3,1,7.4297,5.3063,0.0
ViT-B-16__block6,baseline,4,1,7.4219,5.3027,0.005
ViT-B-16__block6,0_100,0,5,6.9092,4.1375,0.055
ViT-B-16__block6,0_100,1,4,6.9215,4.1415,0.075
ViT-B-16__block6,0_100,2,5,6.939,4.1177,0.06
ViT-B-16__block6,0_100,3,4,6.9183,4.1278,0.05
ViT-B-16__block6,0_100,4,4,6.958,4.1334,0.05
ViT-B-16__block6,100_200,0,5,6.259,3.3603,0.215
ViT-B-16__block6,100_200,1,5,6.3124,3.3729,0.215
ViT-B-16__block6,100_200,2,5,6.2886,3.3581,0.19
ViT-B-16__block6,100_200,3,5,6.291,3.3604,0.23
ViT-B-16__block6,100_200,4,5,6.2956,3.3579,0.225
ViT-B-16__block6,200_300,0,5,6.4271,3.5293,0.175
ViT-B-16__block6,200_300,1,6,6.4405,3.4879,0.185
ViT-B-16__block6,200_300,2,5,6.4475,3.4995,0.165
ViT-B-16__block6,200_300,3,4,6.4463,3.5771,0.185
ViT-B-16__block6,200_300,4,4,6.4596,3.5217,0.185
ViT-B-16__block6,300_400,0,3,7.0448,4.1619,0.055
ViT-B-16__block6,300_400,1,4,7.0452,4.1443,0.065
ViT-B-16__block6,300_400,2,4,7.0139,4.1408,0.05
ViT-B-16__block6,300_400,3,3,7.0469,4.1434,0.06
ViT-B-16__block6,300_400,4,3,7.0452,4.1095,0.065
ViT-B-16__block6,400_500,0,2,7.3446,4.95,0.025
ViT-B-16__block6,400_500,1,1,7.3563,5.2141,0.005
ViT-B-16__block6,400_500,2,2,7.3501,4.9519,0.025
ViT-B-16__block6,400_500,3,1,7.3611,5.2111,0.005
ViT-B-16__block6,400_500,4,1,7.3514,5.2148,0.015
ViT-B-16__block6,500_600,0,1,7.406,5.2796,0.005
ViT-B-16__block6,500_600,1,1,7.4149,5.2852,0.015
ViT-B-16__block6,500_600,2,1,7.409,5.2798,0.01
ViT-B-16__block6,500_600,3,1,7.4109,5.2834,0.005
ViT-B-16__block6,500_600,4,1,7.4118,5.2831,0.01
ViT-B-16__block6,600_700,0,1,7.4102,5.2944,0.015
ViT-B-16__block6,600_700,1,1,7.4211,5.2946,0.0
ViT-B-16__block6,600_700,2,1,7.4151,5.2925,0.005
ViT-B-16__block6,600_700,3,1,7.4252,5.2907,0.01
ViT-B-16__block6,600_700,4,1,7.4187,5.2947,0.005
ViT-B-16__block6,700_800,0,1,7.4256,5.2964,0.005
ViT-B-16__block6,700_800,1,1,7.4328,5.2958,0.0
ViT-B-16__block6,700_800,2,1,7.4264,5.2907,0.01
ViT-B-16__block6,700_800,3,1,7.4396,5.2911,0.005
ViT-B-16__block6,700_800,4,1,7.4264,5.2956,0.005
ViT-B-16__block8,baseline,0,1,7.4254,5.3105,0.005
ViT-B-16__block8,baseline,1,1,7.4321,5.3107,0.005
ViT-B-16__block8,baseline,2,1,7.4295,5.3086,0.0
ViT-B-16__block8,baseline,3,1,7.4296,5.3116,0.005
ViT-B-16__block8,baseline,4,1,7.4237,5.3067,0.005
ViT-B-16__block8,0_100,0,5,7.0461,4.4146,0.05
ViT-B-16__block8,0_100,1,4,7.0351,4.3911,0.03
ViT-B-16__block8,0_100,2,5,7.0529,4.3738,0.055
ViT-B-16__block8,0_100,3,4,7.0315,4.3943,0.045
ViT-B-16__block8,0_100,4,4,7.0559,4.4284,0.045
ViT-B-16__block8,100_200,0,5,6.4602,3.7162,0.18
ViT-B-16__block8,100_200,1,4,6.4592,3.7208,0.165
ViT-B-16__block8,100_200,2,5,6.452,3.6968,0.185
ViT-B-16__block8,100_200,3,5,6.4642,3.6797,0.155
ViT-B-16__block8,100_200,4,4,6.4665,3.7316,0.14
ViT-B-16__block8,200_300,0,5,6.5452,3.7543,0.145
ViT-B-16__block8,200_300,1,4,6.5459,3.7914,0.13
ViT-B-16__block8,200_300,2,5,6.5709,3.7734,0.13
ViT-B-16__block8,200_300,3,5,6.5546,3.7765,0.125
ViT-B-16__block8,200_300,4,4,6.5968,3.7659,0.125
ViT-B-16__block8,300_400,0,3,7.0444,4.2347,0.045
ViT-B-16__block8,300_400,1,4,7.0283,4.2113,0.09
ViT-B-16__block8,300_400,2,3,7.0264,4.2277,0.075
ViT-B-16__block8,300_400,3,4,7.0357,4.2127,0.085
ViT-B-16__block8,300_400,4,3,7.038,4.189,0.07
ViT-B-16__block8,400_500,0,1,7.3587,5.2182,0.005
ViT-B-16__block8,400_500,1,1,7.3571,5.2214,0.005
ViT-B-16__block8,400_500,2,3,7.3448,4.9458,0.025
ViT-B-16__block8,400_500,3,1,7.3661,5.2163,0.0
ViT-B-16__block8,400_500,4,1,7.3592,5.2221,0.01
ViT-B-16__block8,500_600,0,1,7.421,5.2866,0.005
ViT-B-16__block8,500_600,1,1,7.4142,5.2938,0.01
ViT-B-16__block8,500_600,2,1,7.411,5.2838,0.005
ViT-B-16__block8,500_600,3,1,7.4148,5.2836,0.01
ViT-B-16__block8,500_600,4,1,7.4209,5.281,0.005
ViT-B-16__block8,600_700,0,1,7.4212,5.301,0.005
ViT-B-16__block8,600_700,1,1,7.4229,5.3003,0.0
ViT-B-16__block8,600_700,2,1,7.417,5.3007,0.005
ViT-B-16__block8,600_700,3,1,7.4281,5.2977,0.005
ViT-B-16__block8,600_700,4,1,7.43,5.2976,0.0
ViT-B-16__block8,700_800,0,1,7.4342,5.3063,0.015
ViT-B-16__block8,700_800,1,1,7.433,5.3054,0.005
ViT-B-16__block8,700_800,2,1,7.4306,5.298,0.005
ViT-B-16__block8,700_800,3,1,7.4359,5.3017,0.005
ViT-B-16__block8,700_800,4,1,7.4322,5.2983,0.005
ViT-L-14__block12,baseline,0,1,7.432,5.313,0.01
ViT-L-14__block12,baseline,1,1,7.4298,5.3115,0.005
ViT-L-14__block12,baseline,2,1,7.4345,5.3125,0.005
ViT-L-14__block12,baseline,3,1,7.4314,5.3112,0.005
ViT-L-14__block12,baseline,4,1,7.4302,5.3104,0.005
ViT-L-14__block12,0_100,0,5,7.0028,4.3616,0.05
ViT-L-14__block12,0_100,1,4,7.0066,4.3666,0.06
ViT-L-14__block12,0_100,2,5,7.0278,4.3436,0.06
ViT-L-14__block12,0_100,3,4,7.0304,4.3458,0.055
ViT-L-14__block12,0_100,4,4,7.0294,4.3732,0.035
ViT-L-14__block12,100_200,0,5,6.4475,3.7409,0.155
ViT-L-14__block12,100_200,1,5,6.4904,3.7289,0.17
ViT-L-14__block12,100_200,2,5,6.472,3.752,0.14
ViT-L-14__block12,100_200,3,5,6.5076,3.722,0.175
ViT-L-14__block12,100_200,4,4,6.4751,3.7574,0.15
ViT-L-14__block12,200_300,0,5,6.5829,3.8227,0.12
ViT-L-14__block12,200_300,1,5,6.6096,3.8388,0.14
ViT-L-14__block12,200_300,2,5,6.626,3.8194,0.105
ViT-L-14__block12,200_300,3,5,6.5886,3.8333,0.115
ViT-L-14__block12,200_300,4,5,6.6386,3.8226,0.12
ViT-L-14__block12,300_400,0,3,7.1023,4.3408,0.065
ViT-L-14__block12,300_400,1,3,7.1038,4.3002,0.075
ViT-L-14__block12,300_400,2,4,7.1019,4.3202,0.085
ViT-L-14__block12,300_400,3,3,7.0796,4.371,0.05
ViT-L-14__block12,300_400,4,3,7.1103,4.3148,0.065
ViT-L-14__block12,400_500,0,1,7.3833,5.2403,0.01
ViT-L-14__block12,400_500,1,1,7.3768,5.2433,0.005
ViT-L-14__block12,400_500,2,1,7.3666,5.2382,0.01
ViT-L-14__block12,400_500,3,1,7.3797,5.2413,0.015
ViT-L-14__block12,400_500,4,1,7.3713,5.2429,0.01
ViT-L-14__block12,500_600,0,1,7.4203,5.2938,0.005
ViT-L-14__block12,500_600,1,1,7.4225,5.2992,0.005
ViT-L-14__block12,500_600,2,1,7.4194,5.2944,0.015
ViT-L-14__block12,500_600,3,1,7.4177,5.2921,0.005
ViT-L-14__block12,500_600,4,1,7.425,5.2916,0.005
ViT-L-14__block12,600_700,0,1,7.4235,5.3015,0.015
ViT-L-14__block12,600_700,1,1,7.4311,5.3074,0.005
ViT-L-14__block12,600_700,2,1,7.4229,5.3044,0.005
ViT-L-14__block12,600_700,3,1,7.4303,5.3035,0.005
ViT-L-14__block12,600_700,4,1,7.4302,5.3008,0.005
ViT-L-14__block12,700_800,0,1,7.4373,5.3069,0.005
ViT-L-14__block12,700_800,1,1,7.4365,5.3065,0.005
ViT-L-14__block12,700_800,2,1,7.4345,5.3029,0.005
ViT-L-14__block12,700_800,3,1,7.446,5.3057,0.01
ViT-L-14__block12,700_800,4,1,7.4433,5.3,0.005
ViT-L-14__block16,baseline,0,1,7.435,5.3157,0.005
ViT-L-14__block16,baseline,1,1,7.4333,5.3108,0.005
ViT-L-14__block16,baseline,2,1,7.4371,5.3125,0.005
ViT-L-14__block16,baseline,3,1,7.437,5.3165,0.005
ViT-L-14__block16,baseline,4,1,7.4322,5.3161,0.005
ViT-L-14__block16,0_100,0,5,7.0749,4.4905,0.055
ViT-L-14__block16,0_100,1,4,7.0464,4.501,0.045
ViT-L-14__block16,0_100,2,5,7.0488,4.4582,0.04
ViT-L-14__block16,0_100,3,4,7.0781,4.4678,0.035
ViT-L-14__block16,0_100,4,4,7.0683,4.4859,0.045
ViT-L-14__block16,100_200,0,5,6.4977,3.8462,0.14
ViT-L-14__block16,100_200,1,4,6.5479,3.8886,0.135
ViT-L-14__block16,100_200,2,5,6.5119,3.8622,0.145
ViT-L-14__block16,100_200,3,5,6.542,3.8158,0.155
ViT-L-14__block16,100_200,4,4,6.5138,3.8628,0.135
ViT-L-14__block16,200_300,0,5,6.5819,3.8331,0.105
ViT-L-14__block16,200_300,1,4,6.5982,3.856,0.115
ViT-L-14__block16,200_300,2,5,6.6081,3.8209,0.095
ViT-L-14__block16,200_300,3,4,6.5895,3.8651,0.095
ViT-L-14__block16,200_300,4,5,6.6125,3.7904,0.145
ViT-L-14__block16,300_400,0,3,7.0448,4.2531,0.06
ViT-L-14__block16,300_400,1,4,7.0421,4.2284,0.055
ViT-L-14__block16,300_400,2,3,7.0443,4.2209,0.08
ViT-L-14__block16,300_400,3,4,7.031,4.2195,0.06
ViT-L-14__block16,300_400,4,3,7.0354,4.1913,0.08
ViT-L-14__block16,400_500,0,1,7.3705,5.2214,0.015
ViT-L-14__block16,400_500,1,1,7.3624,5.2169,0.01
ViT-L-14__block16,400_500,2,1,7.3675,5.2282,0.015
ViT-L-14__block16,400_500,3,1,7.3738,5.2179,0.015
ViT-L-14__block16,400_500,4,1,7.3606,5.227,0.01
ViT-L-14__block16,500_600,0,1,7.4217,5.2862,0.01
ViT-L-14__block16,500_600,1,1,7.4205,5.2854,0.01
ViT-L-14__block16,500_600,2,1,7.4232,5.2907,0.005
ViT-L-14__block16,500_600,3,1,7.437,5.2864,0.01
ViT-L-14__block16,500_600,4,1,7.4228,5.2861,0.005
ViT-L-14__block16,600_700,0,1,7.4304,5.3005,0.005
ViT-L-14__block16,600_700,1,1,7.4305,5.3013,0.005
ViT-L-14__block16,600_700,2,1,7.4249,5.3027,0.01
ViT-L-14__block16,600_700,3,1,7.4419,5.3012,0.005
ViT-L-14__block16,600_700,4,1,7.4295,5.3018,0.005
ViT-L-14__block16,700_800,0,1,7.445,5.3086,0.005
ViT-L-14__block16,700_800,1,1,7.44,5.3027,0.01
ViT-L-14__block16,700_800,2,1,7.441,5.3038,0.005
ViT-L-14__block16,700_800,3,1,7.4498,5.3025,0.005
ViT-L-14__block16,700_800,4,1,7.4426,5.3066,0.005
ViT-L-14__block20,baseline,0,1,7.4436,5.3217,0.0
ViT-L-14__block20,baseline,1,1,7.4427,5.3245,0.005
ViT-L-14__block20,baseline,2,1,7.4481,5.3211,0.005
ViT-L-14__block20,baseline,3,1,7.4449,5.3256,0.005
ViT-L-14__block20,baseline,4,1,7.4418,5.3282,0.005
ViT-L-14__block20,0_100,0,4,7.1646,4.6761,0.015
ViT-L-14__block20,0_100,1,4,7.1619,4.7192,0.01
ViT-L-14__block20,0_100,2,4,7.1347,4.6619,0.02
ViT-L-14__block20,0_100,3,3,7.1568,4.7111,0.02
ViT-L-14__block20,0_100,4,4,7.1639,4.7006,0.025
ViT-L-14__block20,100_200,0,4,6.6135,3.9563,0.095
ViT-L-14__block20,100_200,1,4,6.6423,3.9927,0.115
ViT-L-14__block20,100_200,2,5,6.6071,3.9314,0.1
ViT-L-14__block20,100_200,3,4,6.6256,3.9796,0.11
ViT-L-14__block20,100_200,4,4,6.6393,3.9462,0.105
ViT-L-14__block20,200_300,0,4,6.6505,3.8946,0.105
ViT-L-14__block20,200_300,1,4,6.648,3.8968,0.125
ViT-L-14__block20,200_300,2,5,6.6707,3.8904,0.14
ViT-L-14__block20,200_300,3,4,6.6196,3.9248,0.1
ViT-L-14__block20,200_300,4,4,6.6909,3.8354,0.145
ViT-L-14__block20,300_400,0,4,7.0133,4.1819,0.075
ViT-L-14__block20,300_400,1,4,6.9976,4.1624,0.095
ViT-L-14__block20,300_400,2,4,7.0215,4.1573,0.08
ViT-L-14__block20,300_400,3,4,6.9788,4.1564,0.1
ViT-L-14__block20,300_400,4,4,7.0117,4.1604,0.09
ViT-L-14__block20,400_500,0,3,7.362,4.8685,0.025
ViT-L-14__block20,400_500,1,2,7.3461,4.9219,0.03
ViT-L-14__block20,400_500,2,4,7.3538,4.8798,0.03
ViT-L-14__block20,400_500,3,2,7.351,4.9113,0.035
ViT-L-14__block20,400_500,4,1,7.3755,5.2037,0.02
ViT-L-14__block20,500_600,0,1,7.4307,5.2807,0.01
ViT-L-14__block20,500_600,1,1,7.4366,5.288,0.005
ViT-L-14__block20,500_600,2,1,7.4316,5.2893,0.01
ViT-L-14__block20,500_600,3,1,7.4405,5.295,0.005
ViT-L-14__block20,500_600,4,1,7.4454,5.288,0.01
ViT-L-14__block20,600_700,0,1,7.4435,5.3037,0.005
ViT-L-14__block20,600_700,1,1,7.4411,5.304,0.005
ViT-L-14__block20,600_700,2,1,7.4392,5.3078,0.005
ViT-L-14__block20,600_700,3,1,7.444,5.3115,0.005
ViT-L-14__block20,600_700,4,1,7.456,5.3043,0.005
ViT-L-14__block20,700_800,0,1,7.459,5.3012,0.005
ViT-L-14__block20,700_800,1,1,7.4539,5.3018,0.005
ViT-L-14__block20,700_800,2,1,7.4575,5.3056,0.0
ViT-L-14__block20,700_800,3,1,7.4564,5.3121,0.0
ViT-L-14__block20,700_800,4,1,7.4596,5.3079,0.005
ViT-L-14__block24,baseline,0,1,7.4579,5.3255,0.005
ViT-L-14__block24,baseline,1,1,7.4499,5.3299,0.005
ViT-L-14__block24,baseline,2,1,7.4503,5.3282,0.005
ViT-L-14__block24,baseline,3,1,7.456,5.3343,0.005
ViT-L-14__block24,baseline,4,1,7.4419,5.3264,0.01
ViT-L-14__block24,0_100,0,3,7.2977,4.9243,0.02
ViT-L-14__block24,0_100,1,4,7.2764,4.9199,0.02
ViT-L-14__block24,0_100,2,4,7.2587,4.9152,0.02
ViT-L-14__block24,0_100,3,3,7.2628,4.9177,0.02
ViT-L-14__block24,0_100,4,4,7.2667,4.9145,0.01
ViT-L-14__block24,100_200,0,4,6.8108,4.2497,0.07
ViT-L-14__block24,100_200,1,4,6.8441,4.2916,0.06
ViT-L-14__block24,100_200,2,5,6.8068,4.2319,0.095
ViT-L-14__block24,100_200,3,4,6.7998,4.2549,0.075
ViT-L-14__block24,100_200,4,4,6.8334,4.2488,0.09
ViT-L-14__block24,200_300,0,4,6.8262,4.1749,0.115
ViT-L-14__block24,200_300,1,4,6.8414,4.1781,0.095
ViT-L-14__block24,200_300,2,5,6.8164,4.1644,0.105
ViT-L-14__block24,200_300,3,4,6.8094,4.2187,0.08
ViT-L-14__block24,200_300,4,4,6.8566,4.1468,0.115
ViT-L-14__block24,300_400,0,4,7.1024,4.3833,0.085
ViT-L-14__block24,300_400,1,4,7.0904,4.3878,0.055
ViT-L-14__block24,300_400,2,4,7.1064,4.3807,0.06
ViT-L-14__block24,300_400,3,4,7.089,4.4067,0.055
ViT-L-14__block24,300_400,4,4,7.082,4.3826,0.08
ViT-L-14__block24,400_500,0,3,7.3873,4.9476,0.04
ViT-L-14__block24,400_500,1,3,7.3752,4.9094,0.04
ViT-L-14__block24,400_500,2,4,7.3697,4.973,0.03
ViT-L-14__block24,400_500,3,1,7.3902,5.2424,0.01
ViT-L-14__block24,400_500,4,3,7.3911,4.9252,0.025
ViT-L-14__block24,500_600,0,1,7.4444,5.2969,0.02
ViT-L-14__block24,500_600,1,1,7.4426,5.3096,0.005
ViT-L-14__block24,500_600,2,1,7.4398,5.3045,0.005
ViT-L-14__block24,500_600,3,1,7.4602,5.3033,0.005
ViT-L-14__block24,500_600,4,1,7.4546,5.298,0.005
ViT-L-14__block24,600_700,0,1,7.4472,5.3165,0.005
ViT-L-14__block24,600_700,1,1,7.4566,5.3157,0.005
ViT-L-14__block24,600_700,2,1,7.4453,5.3236,0.005
ViT-L-14__block24,600_700,3,1,7.4532,5.3144,0.005
ViT-L-14__block24,600_700,4,1,7.4564,5.321,0.005
ViT-L-14__block24,700_800,0,1,7.468,5.3146,0.005
ViT-L-14__block24,700_800,1,1,7.4714,5.3215,0.005
ViT-L-14__block24,700_800,2,1,7.4671,5.3281,0.0
ViT-L-14__block24,700_800,3,1,7.4783,5.3152,0.01
ViT-L-14__block24,700_800,4,1,7.4645,5.3117,0.005
ViT-L-14__block4,baseline,0,1,7.4165,5.3,0.005
ViT-L-14__block4,baseline,1,1,7.4207,5.301,0.0
ViT-L-14__block4,baseline,2,1,7.4199,5.3001,0.005
ViT-L-14__block4,baseline,3,1,7.4194,5.3,0.005
ViT-L-14__block4,baseline,4,1,7.4156,5.3003,0.005
ViT-L-14__block4,0_100,0,4,6.8039,4.0267,0.075
ViT-L-14__block4,0_100,1,4,6.8075,4.0099,0.085
ViT-L-14__block4,0_100,2,4,6.8124,4.0144,0.085
ViT-L-14__block4,0_100,3,4,6.8212,4.0615,0.075
ViT-L-14__block4,0_100,4,4,6.8164,4.019,0.07
ViT-L-14__block4,100_200,0,5,6.3225,3.4303,0.14
ViT-L-14__block4,100_200,1,5,6.3332,3.4547,0.16
ViT-L-14__block4,100_200,2,5,6.3086,3.4434,0.13
ViT-L-14__block4,100_200,3,5,6.3652,3.4304,0.2
ViT-L-14__block4,100_200,4,4,6.2794,3.4881,0.14
ViT-L-14__block4,200_300,0,4,6.525,3.6732,0.145
ViT-L-14__block4,200_300,1,5,6.5417,3.5806,0.14
ViT-L-14__block4,200_300,2,5,6.5384,3.5746,0.15
ViT-L-14__block4,200_300,3,5,6.5271,3.5963,0.155
ViT-L-14__block4,200_300,4,4,6.5488,3.6379,0.165
ViT-L-14__block4,300_400,0,3,7.1521,4.4067,0.06
ViT-L-14__block4,300_400,1,3,7.1466,4.3586,0.07
ViT-L-14__block4,300_400,2,3,7.1252,4.3864,0.08
ViT-L-14__block4,300_400,3,3,7.1465,4.4201,0.07
ViT-L-14__block4,300_400,4,3,7.1567,4.38,0.075
ViT-L-14__block4,400_500,0,1,7.3653,5.2238,0.02
ViT-L-14__block4,400_500,1,1,7.3568,5.2239,0.005
ViT-L-14__block4,400_500,2,2,7.3546,5.0364,0.035
ViT-L-14__block4,400_500,3,1,7.3708,5.2234,0.015
ViT-L-14__block4,400_500,4,1,7.3575,5.2227,0.015
ViT-L-14__block4,500_600,0,1,7.4108,5.2852,0.005
ViT-L-14__block4,500_600,1,1,7.4059,5.2848,0.005
ViT-L-14__block4,500_600,2,1,7.4074,5.2853,0.01
ViT-L-14__block4,500_600,3,1,7.4044,5.284,0.0
ViT-L-14__block4,500_600,4,1,7.4049,5.2838,0.0
ViT-L-14__block4,600_700,0,1,7.4115,5.2941,0.0
ViT-L-14__block4,600_700,1,1,7.4131,5.2955,0.005
ViT-L-14__block4,600_700,2,1,7.4066,5.2953,0.01
ViT-L-14__block4,600_700,3,1,7.4152,5.2929,0.015
ViT-L-14__block4,600_700,4,1,7.4125,5.2936,0.0
ViT-L-14__block4,700_800,0,1,7.414,5.2979,0.005
ViT-L-14__block4,700_800,1,1,7.4217,5.2986,0.01
ViT-L-14__block4,700_800,2,1,7.4152,5.2953,0.015
ViT-L-14__block4,700_800,3,1,7.4218,5.2948,0.005
ViT-L-14__block4,700_800,4,1,7.4224,5.2941,0.0
ViT-L-14__block8,baseline,0,1,7.4219,5.3042,0.005
ViT-L-14__block8,baseline,1,1,7.4283,5.3023,0.01
ViT-L-14__block8,baseline,2,1,7.4261,5.3039,0.005
ViT-L-14__block8,baseline,3,1,7.4246,5.3035,0.005
ViT-L-14__block8,baseline,4,1,7.4196,5.3032,0.005
ViT-L-14__block8,0_100,0,5,6.845,4.0164,0.09
ViT-L-14__block8,0_100,1,4,6.8342,3.9982,0.095
ViT-L-14__block8,0_100,2,4,6.8351,3.9917,0.09
ViT-L-14__block8,0_100,3,4,6.8438,4.0021,0.095
ViT-L-14__block8,0_100,4,4,6.8457,3.9824,0.07
ViT-L-14__block8,100_200,0,5,6.1586,3.1829,0.25
ViT-L-14__block8,100_200,1,5,6.2287,3.1926,0.26
ViT-L-14__block8,100_200,2,5,6.1851,3.1574,0.245
ViT-L-14__block8,100_200,3,5,6.2082,3.1892,0.27
ViT-L-14__block8,100_200,4,4,6.1663,3.2091,0.25
ViT-L-14__block8,200_300,0,5,6.4112,3.3966,0.2
ViT-L-14__block8,200_300,1,4,6.4285,3.4512,0.17
ViT-L-14__block8,200_300,2,5,6.4062,3.4074,0.175
ViT-L-14__block8,200_300,3,5,6.4089,3.4162,0.195
ViT-L-14__block8,200_300,4,4,6.4272,3.4457,0.205
ViT-L-14__block8,300_400,0,4,7.0336,4.1411,0.105
ViT-L-14__block8,300_400,1,3,7.0502,4.1261,0.11
ViT-L-14__block8,300_400,2,4,7.0201,4.1306,0.12
ViT-L-14__block8,300_400,3,3,7.0265,4.1718,0.075
ViT-L-14__block8,300_400,4,3,7.0547,4.1162,0.095
ViT-L-14__block8,400_500,0,1,7.3528,5.2025,0.015
ViT-L-14__block8,400_500,1,1,7.348,5.2065,0.01
ViT-L-14__block8,400_500,2,2,7.3342,4.9529,0.03
ViT-L-14__block8,400_500,3,1,7.3592,5.2082,0.005
ViT-L-14__block8,400_500,4,1,7.348,5.2131,0.005
ViT-L-14__block8,500_600,0,1,7.4104,5.2819,0.005
ViT-L-14__block8,500_600,1,1,7.406,5.282,0.005
ViT-L-14__block8,500_600,2,1,7.399,5.2796,0.005
ViT-L-14__block8,500_600,3,1,7.409,5.2825,0.01
ViT-L-14__block8,500_600,4,1,7.4084,5.2785,0.005
ViT-L-14__block8,600_700,0,1,7.4131,5.2971,0.005
ViT-L-14__block8,600_700,1,1,7.417,5.2922,0.005
ViT-L-14__block8,600_700,2,1,7.4077,5.2925,0.005
ViT-L-14__block8,600_700,3,1,7.4222,5.2922,0.01
ViT-L-14__block8,600_700,4,1,7.4176,5.2965,0.005
ViT-L-14__block8,700_800,0,1,7.431,5.298,0.005
ViT-L-14__block8,700_800,1,1,7.4267,5.2946,0.005
ViT-L-14__block8,700_800,2,1,7.4167,5.2938,0.01
ViT-L-14__block8,700_800,3,1,7.4321,5.2937,0.0
ViT-L-14__block8,700_800,4,1,7.4288,5.293,0.005
